timestamp,item,level,ask,bid,datetime
1767598974,wooden_water_staff,0,5200,4200,2026-01-05 07:42:54
1767598974,wooden_shield,4,380000,-1,2026-01-05 07:42:54
1767598974,wooden_shield,3,100000,-1,2026-01-05 07:42:54
1767598974,wooden_shield,2,48000,-1,2026-01-05 07:42:54
1767598974,wooden_shield,1,4500,500,2026-01-05 07:42:54
1767598974,wooden_shield,0,5000,4400,2026-01-05 07:42:54
1767598974,wooden_nature_staff,6,380000000,-1,2026-01-05 07:42:54
1767598974,wooden_nature_staff,10,140000000,-1,2026-01-05 07:42:54
1767598974,wooden_nature_staff,1,9000,-1,2026-01-05 07:42:54
1767598974,wooden_nature_staff,0,5200,4200,2026-01-05 07:42:54
1767598974,wooden_fire_staff,5,560000,-1,2026-01-05 07:42:54
1767598974,wooden_fire_staff,2,12000,-1,2026-01-05 07:42:54
1767598974,wooden_fire_staff,10,8400000,-1,2026-01-05 07:42:54
1767598974,wooden_fire_staff,0,4700,4200,2026-01-05 07:42:54
1767598974,wooden_crossbow,6,490000,-1,2026-01-05 07:42:54
1767598974,wooden_crossbow,5,500000,-1,2026-01-05 07:42:54
1767598974,acrobatic_hood_refined,12,1350000000,1250000000,2026-01-05 07:42:54
1767598974,acrobatic_hood_refined,10,560000000,540000000,2026-01-05 07:42:54
1767598974,acrobatic_hood,9,230000000,170000000,2026-01-05 07:42:54
1767598974,acrobatic_hood,8,125000000,105000000,2026-01-05 07:42:54
1767598974,acrobatic_hood,7,96000000,92000000,2026-01-05 07:42:54
1767598974,acrobatic_hood,6,88000000,70000000,2026-01-05 07:42:54
1767598974,acrobatic_hood,5,80000000,72000000,2026-01-05 07:42:54
1767598974,acrobatic_hood,4,-1,60000000,2026-01-05 07:42:54
1767598974,acrobatic_hood,3,-1,64000000,2026-01-05 07:42:54
1767598974,acrobatic_hood,2,-1,62000000,2026-01-05 07:42:54
1767598974,acrobatic_hood,13,-1,10000000,2026-01-05 07:42:54
1767598974,acrobatic_hood,12,1100000000,1000000000,2026-01-05 07:42:54
1767598974,acrobatic_hood,11,-1,300000000,2026-01-05 07:42:54
1767598974,acrobatic_hood,10,290000000,280000000,2026-01-05 07:42:54
1767598974,acrobatic_hood,0,80000000,70000000,2026-01-05 07:42:54
1767598974,wooden_water_staff,1,100000,-1,2026-01-05 07:42:54
1767598974,advanced_defense_charm,1,15500000,-1,2026-01-05 07:42:54
1767598974,advanced_defense_charm,0,9600000,6400000,2026-01-05 07:42:54
1767598974,advanced_crafting_charm,5,-1,80000000,2026-01-05 07:42:54
1767598974,advanced_crafting_charm,4,64000000,-1,2026-01-05 07:42:54
1767598974,advanced_crafting_charm,3,-1,38000000,2026-01-05 07:42:54
1767598974,advanced_crafting_charm,2,-1,23500000,2026-01-05 07:42:54
1767598974,advanced_crafting_charm,0,29000000,21000000,2026-01-05 07:42:54
1767598974,advanced_cooking_charm,5,94000000,64000000,2026-01-05 07:42:54
1767598974,advanced_cooking_charm,4,64000000,-1,2026-01-05 07:42:54
1767598974,advanced_cooking_charm,3,39000000,33000000,2026-01-05 07:42:54
1767598974,advanced_cooking_charm,1,22000000,-1,2026-01-05 07:42:54
1767598974,advanced_cooking_charm,0,20000000,18500000,2026-01-05 07:42:54
1767598974,advanced_cheesesmithing_charm,3,44000000,31000000,2026-01-05 07:42:54
1767598974,advanced_cheesesmithing_charm,0,27000000,25000000,2026-01-05 07:42:54
1767598974,advanced_brewing_charm,4,54000000,30000000,2026-01-05 07:42:54
1767598974,advanced_brewing_charm,3,34000000,27000000,2026-01-05 07:42:54
1767598974,advanced_intelligence_charm,2,22500000,-1,2026-01-05 07:42:54
1767598974,advanced_intelligence_charm,1,10000000,-1,2026-01-05 07:42:54
1767598974,advanced_intelligence_charm,0,6600000,6400000,2026-01-05 07:42:54
1767598974,advanced_foraging_charm,4,76000000,40000000,2026-01-05 07:42:54
1767598974,advanced_foraging_charm,3,37000000,35000000,2026-01-05 07:42:54
1767598974,advanced_foraging_charm,2,31000000,18500000,2026-01-05 07:42:54
1767598974,advanced_foraging_charm,1,27500000,14000000,2026-01-05 07:42:54
1767598974,advanced_foraging_charm,0,23000000,15000000,2026-01-05 07:42:54
1767598974,advanced_enhancing_charm,6,210000000,-1,2026-01-05 07:42:54
1767598974,advanced_enhancing_charm,5,175000000,120000000,2026-01-05 07:42:54
1767598974,advanced_enhancing_charm,3,80000000,64000000,2026-01-05 07:42:54
1767598974,advanced_enhancing_charm,2,84000000,64000000,2026-01-05 07:42:54
1767598974,advanced_enhancing_charm,0,70000000,66000000,2026-01-05 07:42:54
1767598974,advanced_defense_charm,5,68000000,54000000,2026-01-05 07:42:54
1767598974,advanced_defense_charm,4,35000000,27500000,2026-01-05 07:42:54
1767598974,advanced_defense_charm,3,20000000,18000000,2026-01-05 07:42:54
1767598974,advanced_milking_charm,0,21500000,18000000,2026-01-05 07:42:54
1767598974,advanced_melee_charm,5,52000000,46000000,2026-01-05 07:42:54
1767598974,advanced_melee_charm,4,36000000,28000000,2026-01-05 07:42:54
1767598974,advanced_melee_charm,3,17500000,13500000,2026-01-05 07:42:54
1767598974,advanced_melee_charm,2,21000000,-1,2026-01-05 07:42:54
1767598974,advanced_melee_charm,1,9800000,7200000,2026-01-05 07:42:54
1767598974,advanced_melee_charm,0,6800000,6600000,2026-01-05 07:42:54
1767598974,advanced_magic_charm,5,72000000,58000000,2026-01-05 07:42:54
1767598974,advanced_magic_charm,4,38000000,33000000,2026-01-05 07:42:54
1767598974,advanced_magic_charm,3,17500000,14500000,2026-01-05 07:42:54
1767598974,advanced_magic_charm,2,-1,8000000,2026-01-05 07:42:54
1767598974,advanced_magic_charm,1,32000000,-1,2026-01-05 07:42:54
1767598974,advanced_magic_charm,0,7000000,6600000,2026-01-05 07:42:54
1767598974,advanced_intelligence_charm,5,80000000,60000000,2026-01-05 07:42:54
1767598974,advanced_intelligence_charm,4,36000000,29000000,2026-01-05 07:42:54
1767598974,advanced_intelligence_charm,3,20500000,19000000,2026-01-05 07:42:54
1767598974,advanced_tailoring_charm,0,18500000,15000000,2026-01-05 07:42:54
1767598974,advanced_stamina_charm,5,74000000,60000000,2026-01-05 07:42:54
1767598974,advanced_stamina_charm,4,41000000,36000000,2026-01-05 07:42:54
1767598974,advanced_stamina_charm,3,22500000,20000000,2026-01-05 07:42:54
1767598974,advanced_stamina_charm,1,19500000,-1,2026-01-05 07:42:54
1767598974,advanced_stamina_charm,0,-1,7600000,2026-01-05 07:42:54
1767598974,advanced_ranged_charm,5,68000000,58000000,2026-01-05 07:42:54
1767598974,advanced_ranged_charm,4,38000000,32000000,2026-01-05 07:42:54
1767598974,advanced_ranged_charm,3,20000000,15000000,2026-01-05 07:42:54
1767598974,advanced_ranged_charm,2,-1,8000000,2026-01-05 07:42:54
1767598974,advanced_ranged_charm,0,6800000,6600000,2026-01-05 07:42:54
1767598974,advanced_milking_charm,5,115000000,62000000,2026-01-05 07:42:54
1767598974,advanced_milking_charm,4,76000000,38000000,2026-01-05 07:42:54
1767598974,advanced_milking_charm,3,48000000,34000000,2026-01-05 07:42:54
1767598974,advanced_milking_charm,2,45000000,-1,2026-01-05 07:42:54
1767598974,advanced_milking_charm,1,39000000,-1,2026-01-05 07:42:54
1767598974,alchemists_top,0,230000000,155000000,2026-01-05 07:42:54
1767598974,alchemists_bottoms,8,340000000,300000000,2026-01-05 07:42:54
1767598974,alchemists_bottoms,7,300000000,255000000,2026-01-05 07:42:54
1767598974,alchemists_bottoms,5,290000000,250000000,2026-01-05 07:42:54
1767598974,alchemists_bottoms,12,1500000000,-1,2026-01-05 07:42:54
1767598974,alchemists_bottoms,10,540000000,490000000,2026-01-05 07:42:54
1767598974,alchemists_bottoms,0,-1,190000000,2026-01-05 07:42:54
1767598974,advanced_woodcutting_charm,4,76000000,-1,2026-01-05 07:42:54
1767598974,advanced_woodcutting_charm,3,36000000,32000000,2026-01-05 07:42:54
1767598974,advanced_woodcutting_charm,2,32000000,-1,2026-01-05 07:42:54
1767598974,advanced_woodcutting_charm,1,32000000,16000000,2026-01-05 07:42:54
1767598974,advanced_woodcutting_charm,0,20000000,17000000,2026-01-05 07:42:54
1767598974,advanced_tailoring_charm,5,150000000,-1,2026-01-05 07:42:54
1767598974,advanced_tailoring_charm,3,43000000,22000000,2026-01-05 07:42:54
1767598974,advanced_tailoring_charm,2,-1,19000000,2026-01-05 07:42:54
1767598974,advanced_tailoring_charm,1,-1,12000000,2026-01-05 07:42:54
1767598974,anchorbound_plate_body,5,105000000,92000000,2026-01-05 07:42:54
1767598974,anchorbound_plate_body,4,-1,86000000,2026-01-05 07:42:54
1767598974,anchorbound_plate_body,3,-1,82000000,2026-01-05 07:42:54
1767598974,anchorbound_plate_body,2,-1,86000000,2026-01-05 07:42:54
1767598974,anchorbound_plate_body,12,1450000000,1350000000,2026-01-05 07:42:54
1767598974,anchorbound_plate_body,10,430000000,420000000,2026-01-05 07:42:54
1767598974,anchorbound_plate_body,1,-1,86000000,2026-01-05 07:42:54
1767598974,anchorbound_plate_body,0,100000000,96000000,2026-01-05 07:42:54
1767598974,amethyst,0,35000,34000,2026-01-05 07:42:54
1767598974,amber,0,21500,21000,2026-01-05 07:42:54
1767598974,alchemy_tea,0,1050,980,2026-01-05 07:42:54
1767598974,alchemy_essence,0,460,450,2026-01-05 07:42:54
1767598974,alchemists_top,8,260000000,225000000,2026-01-05 07:42:54
1767598974,alchemists_top,7,225000000,215000000,2026-01-05 07:42:54
1767598974,alchemists_top,5,215000000,180000000,2026-01-05 07:42:54
1767598974,alchemists_top,10,460000000,380000000,2026-01-05 07:42:54
1767598974,anchorbound_plate_legs,8,160000000,145000000,2026-01-05 07:42:54
1767598974,anchorbound_plate_legs,7,115000000,110000000,2026-01-05 07:42:54
1767598974,anchorbound_plate_legs,6,-1,74000000,2026-01-05 07:42:54
1767598974,anchorbound_plate_legs,5,90000000,78000000,2026-01-05 07:42:54
1767598974,anchorbound_plate_legs,4,-1,66000000,2026-01-05 07:42:54
1767598974,anchorbound_plate_legs,2,-1,70000000,2026-01-05 07:42:54
1767598974,anchorbound_plate_legs,12,1300000000,-1,2026-01-05 07:42:54
1767598974,anchorbound_plate_legs,10,370000000,360000000,2026-01-05 07:42:54
1767598974,anchorbound_plate_legs,1,-1,68000000,2026-01-05 07:42:54
1767598974,anchorbound_plate_legs,0,90000000,76000000,2026-01-05 07:42:54
1767598974,anchorbound_plate_body_refined,12,1900000000,-1,2026-01-05 07:42:54
1767598974,anchorbound_plate_body_refined,10,800000000,-1,2026-01-05 07:42:54
1767598974,anchorbound_plate_body,9,-1,175000000,2026-01-05 07:42:54
1767598974,anchorbound_plate_body,8,180000000,155000000,2026-01-05 07:42:54
1767598974,anchorbound_plate_body,7,140000000,130000000,2026-01-05 07:42:54
1767598974,anchorbound_plate_body,6,-1,88000000,2026-01-05 07:42:54
1767598974,arcane_crossbow,11,80000000,-1,2026-01-05 07:42:54
1767598974,arcane_crossbow,0,1100000,1050000,2026-01-05 07:42:54
1767598974,arcane_bow,7,10000000,-1,2026-01-05 07:42:54
1767598974,arcane_bow,5,1550000,740000,2026-01-05 07:42:54
1767598974,arcane_bow,3,1400000,175000,2026-01-05 07:42:54
1767598974,arcane_bow,2,-1,170000,2026-01-05 07:42:54
1767598974,arcane_bow,10,-1,10000000,2026-01-05 07:42:54
1767598974,arcane_bow,1,1800000,150000,2026-01-05 07:42:54
1767598974,arcane_bow,0,1350000,1300000,2026-01-05 07:42:54
1767598974,arabica_coffee_bean,0,380,360,2026-01-05 07:42:54
1767598974,aqua_essence,0,52,42,2026-01-05 07:42:54
1767598974,aqua_arrow,0,36000,34000,2026-01-05 07:42:54
1767598974,apple_yogurt,0,580,440,2026-01-05 07:42:54
1767598974,apple_gummy,0,19,18,2026-01-05 07:42:54
1767598974,apple,0,20,16,2026-01-05 07:42:54
1767598974,anchorbound_plate_legs_refined,10,740000000,700000000,2026-01-05 07:42:54
1767598974,arcane_nature_staff,3,1400000,-1,2026-01-05 07:42:54
1767598974,arcane_nature_staff,2,1150000,-1,2026-01-05 07:42:54
1767598974,arcane_nature_staff,10,-1,15000000,2026-01-05 07:42:54
1767598974,arcane_nature_staff,1,1200000,-1,2026-01-05 07:42:54
1767598974,arcane_nature_staff,0,1100000,1050000,2026-01-05 07:42:54
1767598974,arcane_lumber,0,3200,3100,2026-01-05 07:42:54
1767598974,arcane_log,0,680,640,2026-01-05 07:42:54
1767598974,arcane_fire_staff,5,2750000,900000,2026-01-05 07:42:54
1767598974,arcane_fire_staff,3,1500000,-1,2026-01-05 07:42:54
1767598974,arcane_fire_staff,2,1500000,-1,2026-01-05 07:42:54
1767598974,arcane_fire_staff,1,1150000,-1,2026-01-05 07:42:54
1767598974,arcane_fire_staff,0,1100000,1000000,2026-01-05 07:42:54
1767598974,arcane_crossbow,6,2850000,560000,2026-01-05 07:42:54
1767598974,arcane_crossbow,5,1800000,1050000,2026-01-05 07:42:54
1767598974,arcane_crossbow,4,1350000,520000,2026-01-05 07:42:54
1767598974,arcane_crossbow,2,-1,620000,2026-01-05 07:42:54
1767598974,attack_coffee,0,1250,1200,2026-01-05 07:42:54
1767598974,artisan_tea,0,2250,2200,2026-01-05 07:42:54
1767598974,arcane_water_staff,6,-1,330000,2026-01-05 07:42:54
1767598974,arcane_water_staff,5,1950000,920000,2026-01-05 07:42:54
1767598974,arcane_water_staff,4,1500000,-1,2026-01-05 07:42:54
1767598974,arcane_water_staff,3,1150000,-1,2026-01-05 07:42:54
1767598974,arcane_water_staff,2,1550000,-1,2026-01-05 07:42:54
1767598974,arcane_water_staff,1,1150000,-1,2026-01-05 07:42:54
1767598974,arcane_water_staff,0,1150000,1100000,2026-01-05 07:42:54
1767598974,arcane_shield,5,2500000,-1,2026-01-05 07:42:54
1767598974,arcane_shield,4,1300000,-1,2026-01-05 07:42:54
1767598974,arcane_shield,3,1950000,-1,2026-01-05 07:42:54
1767598974,arcane_shield,0,700000,640000,2026-01-05 07:42:54
1767598974,arcane_nature_staff,6,3000000,-1,2026-01-05 07:42:54
1767598974,arcane_nature_staff,5,1350000,880000,2026-01-05 07:42:54
1767598974,arcane_nature_staff,4,1500000,-1,2026-01-05 07:42:54
1767598974,azure_bulwark,1,110000,-1,2026-01-05 07:42:54
1767598974,azure_bulwark,0,74000,56000,2026-01-05 07:42:54
1767598974,azure_buckler,0,56000,43000,2026-01-05 07:42:54
1767598974,azure_brush,6,1000000,2050,2026-01-05 07:42:54
1767598974,azure_brush,5,-1,2050,2026-01-05 07:42:54
1767598974,azure_brush,4,100000,-1,2026-01-05 07:42:54
1767598974,azure_brush,3,46000,-1,2026-01-05 07:42:54
1767598974,azure_brush,2,100000,-1,2026-01-05 07:42:54
1767598974,azure_brush,10,7800000,-1,2026-01-05 07:42:54
1767598974,azure_brush,1,64000,-1,2026-01-05 07:42:54
1767598974,azure_brush,0,62000,56000,2026-01-05 07:42:54
1767598974,azure_boots,0,38000,37000,2026-01-05 07:42:54
1767598974,azure_alembic,3,260000,2050,2026-01-05 07:42:54
1767598974,azure_alembic,2,-1,2050,2026-01-05 07:42:54
1767598974,azure_alembic,1,125000,-1,2026-01-05 07:42:54
1767598974,azure_alembic,0,58000,47000,2026-01-05 07:42:54
1767598974,azure_gauntlets,0,37000,36000,2026-01-05 07:42:54
1767598974,azure_enhancer,6,-1,2050,2026-01-05 07:42:54
1767598974,azure_enhancer,5,1700000,2050,2026-01-05 07:42:54
1767598974,azure_enhancer,4,500000,-1,2026-01-05 07:42:54
1767598974,azure_enhancer,3,195000,2050,2026-01-05 07:42:54
1767598974,azure_enhancer,2,120000,2050,2026-01-05 07:42:54
1767598974,azure_enhancer,0,64000,54000,2026-01-05 07:42:54
1767598974,azure_chisel,5,-1,2050,2026-01-05 07:42:54
1767598974,azure_chisel,3,185000,2050,2026-01-05 07:42:54
1767598974,azure_chisel,2,-1,2050,2026-01-05 07:42:54
1767598974,azure_chisel,1,120000,2050,2026-01-05 07:42:54
1767598974,azure_chisel,0,58000,56000,2026-01-05 07:42:54
1767598974,azure_cheese,0,1300,1250,2026-01-05 07:42:54
1767598974,azure_bulwark,4,220000,-1,2026-01-05 07:42:54
1767598974,azure_bulwark,3,130000,-1,2026-01-05 07:42:54
1767598974,azure_bulwark,2,110000,-1,2026-01-05 07:42:54
1767598974,azure_needle,4,-1,2050,2026-01-05 07:42:54
1767598974,azure_needle,3,-1,2050,2026-01-05 07:42:54
1767598974,azure_needle,0,60000,56000,2026-01-05 07:42:54
1767598974,azure_milk,0,260,255,2026-01-05 07:42:54
1767598974,azure_mace,3,300000,-1,2026-01-05 07:42:54
1767598974,azure_mace,1,150000,-1,2026-01-05 07:42:54
1767598974,azure_mace,0,68000,66000,2026-01-05 07:42:54
1767598974,azure_helmet,0,46000,44000,2026-01-05 07:42:54
1767598974,azure_hatchet,3,235000,2050,2026-01-05 07:42:54
1767598974,azure_hatchet,2,190000,2050,2026-01-05 07:42:54
1767598974,azure_hatchet,1,-1,2050,2026-01-05 07:42:54
1767598974,azure_hatchet,0,58000,56000,2026-01-05 07:42:54
1767598974,azure_hammer,0,70000,56000,2026-01-05 07:42:54
1767598974,azure_gauntlets,3,90000,-1,2026-01-05 07:42:54
1767598974,azure_gauntlets,2,100000,-1,2026-01-05 07:42:54
1767598974,azure_gauntlets,1,68000,-1,2026-01-05 07:42:54
1767598974,azure_shears,5,400000,2050,2026-01-05 07:42:54
1767598974,azure_shears,4,200000,2050,2026-01-05 07:42:54
1767598974,azure_shears,3,120000,-1,2026-01-05 07:42:54
1767598974,azure_shears,2,105000,-1,2026-01-05 07:42:54
1767598974,azure_shears,1,110000,2050,2026-01-05 07:42:54
1767598974,azure_shears,0,60000,54000,2026-01-05 07:42:54
1767598974,azure_pot,3,260000,2050,2026-01-05 07:42:54
1767598974,azure_pot,10,7600000,-1,2026-01-05 07:42:54
1767598974,azure_pot,1,285000,-1,2026-01-05 07:42:54
1767598974,azure_pot,0,64000,58000,2026-01-05 07:42:54
1767598974,azure_plate_legs,1,60000,-1,2026-01-05 07:42:54
1767598974,azure_plate_legs,0,64000,60000,2026-01-05 07:42:54
1767598974,azure_plate_body,5,1500000,-1,2026-01-05 07:42:54
1767598974,azure_plate_body,2,98000,-1,2026-01-05 07:42:54
1767598974,azure_plate_body,1,70000,-1,2026-01-05 07:42:54
1767598974,azure_plate_body,0,68000,66000,2026-01-05 07:42:54
1767598974,azure_sword,6,1200000,-1,2026-01-05 07:42:54
1767598974,azure_sword,4,420000,-1,2026-01-05 07:42:54
1767598974,azure_sword,3,98000,-1,2026-01-05 07:42:54
1767598974,azure_sword,2,200000,-1,2026-01-05 07:42:54
1767598974,azure_sword,1,82000,-1,2026-01-05 07:42:54
1767598974,azure_sword,0,76000,72000,2026-01-05 07:42:54
1767598974,azure_spear,4,155000,-1,2026-01-05 07:42:54
1767598974,azure_spear,3,110000,-1,2026-01-05 07:42:54
1767598974,azure_spear,2,96000,-1,2026-01-05 07:42:54
1767598974,azure_spear,0,68000,66000,2026-01-05 07:42:54
1767598974,azure_spatula,5,8000000,-1,2026-01-05 07:42:54
1767598974,azure_spatula,4,-1,2050,2026-01-05 07:42:54
1767598974,azure_spatula,3,-1,2050,2026-01-05 07:42:54
1767598974,azure_spatula,1,120000,-1,2026-01-05 07:42:54
1767598974,azure_spatula,0,72000,54000,2026-01-05 07:42:54
1767598974,azure_shears,6,440000,-1,2026-01-05 07:42:54
1767598974,bamboo_gloves,6,1000000,-1,2026-01-05 07:42:54
1767598974,bamboo_gloves,5,310000,-1,2026-01-05 07:42:54
1767598974,bamboo_gloves,10,4600000,-1,2026-01-05 07:42:54
1767598974,bamboo_gloves,1,80000,-1,2026-01-05 07:42:54
1767598974,bamboo_gloves,0,56000,42000,2026-01-05 07:42:54
1767598974,bamboo_fabric,0,680,660,2026-01-05 07:42:54
1767598974,bamboo_branch,0,20,19,2026-01-05 07:42:54
1767598974,bamboo_boots,8,2550000,-1,2026-01-05 07:42:54
1767598974,bamboo_boots,7,1950000,-1,2026-01-05 07:42:54
1767598974,bamboo_boots,5,150000,-1,2026-01-05 07:42:54
1767598974,bamboo_boots,3,94000,-1,2026-01-05 07:42:54
1767598974,bamboo_boots,2,60000,-1,2026-01-05 07:42:54
1767598974,bamboo_boots,10,4600000,-1,2026-01-05 07:42:54
1767598974,bamboo_boots,1,100000,-1,2026-01-05 07:42:54
1767598974,bamboo_boots,0,90000,36000,2026-01-05 07:42:54
1767598974,bag_of_10_cowbells,0,600000,580000,2026-01-05 07:42:54
1767598974,basic_alchemy_charm,0,4700000,3600000,2026-01-05 07:42:54
1767598974,bamboo_robe_top,5,720000,-1,2026-01-05 07:42:54
1767598974,bamboo_robe_top,3,130000,-1,2026-01-05 07:42:54
1767598974,bamboo_robe_top,0,80000,60000,2026-01-05 07:42:54
1767598974,bamboo_robe_bottoms,5,500000,-1,2026-01-05 07:42:54
1767598974,bamboo_robe_bottoms,4,350000,-1,2026-01-05 07:42:54
1767598974,bamboo_robe_bottoms,3,120000,-1,2026-01-05 07:42:54
1767598974,bamboo_robe_bottoms,2,105000,-1,2026-01-05 07:42:54
1767598974,bamboo_robe_bottoms,1,84000,-1,2026-01-05 07:42:54
1767598974,bamboo_robe_bottoms,0,88000,70000,2026-01-05 07:42:54
1767598974,bamboo_hat,5,245000,-1,2026-01-05 07:42:54
1767598974,bamboo_hat,3,130000,-1,2026-01-05 07:42:54
1767598974,bamboo_hat,2,980000,-1,2026-01-05 07:42:54
1767598974,bamboo_hat,10,10500000,-1,2026-01-05 07:42:54
1767598974,bamboo_hat,0,49000,46000,2026-01-05 07:42:54
1767598974,bamboo_gloves,7,720000,-1,2026-01-05 07:42:54
1767598974,basic_foraging_charm,0,2650000,2200000,2026-01-05 07:42:54
1767598974,basic_enhancing_charm,3,16000000,12000000,2026-01-05 07:42:54
1767598974,basic_enhancing_charm,2,24500000,8600000,2026-01-05 07:42:54
1767598974,basic_enhancing_charm,0,9600000,8800000,2026-01-05 07:42:54
1767598974,basic_defense_charm,2,1600000,-1,2026-01-05 07:42:54
1767598974,basic_defense_charm,0,840000,820000,2026-01-05 07:42:54
1767598974,basic_crafting_charm,0,3400000,3300000,2026-01-05 07:42:54
1767598974,basic_cooking_charm,0,2650000,2250000,2026-01-05 07:42:54
1767598974,basic_cheesesmithing_charm,0,4200000,3500000,2026-01-05 07:42:54
1767598974,basic_brewing_charm,4,12000000,-1,2026-01-05 07:42:54
1767598974,basic_brewing_charm,0,1950000,1850000,2026-01-05 07:42:54
1767598974,basic_attack_charm,5,20000000,-1,2026-01-05 07:42:54
1767598974,basic_attack_charm,3,6000000,-1,2026-01-05 07:42:54
1767598974,basic_attack_charm,1,1250000,-1,2026-01-05 07:42:54
1767598974,basic_attack_charm,0,840000,820000,2026-01-05 07:42:54
1767598974,basic_alchemy_charm,3,-1,9000000,2026-01-05 07:42:54
1767598974,basic_woodcutting_charm,5,25000000,12000000,2026-01-05 07:42:54
1767598974,basic_woodcutting_charm,0,2500000,2350000,2026-01-05 07:42:54
1767598974,basic_tailoring_charm,0,2250000,1700000,2026-01-05 07:42:54
1767598974,basic_stamina_charm,2,6200000,-1,2026-01-05 07:42:54
1767598974,basic_stamina_charm,1,1900000,-1,2026-01-05 07:42:54
1767598974,basic_stamina_charm,0,1100000,1050000,2026-01-05 07:42:54
1767598974,basic_ranged_charm,5,-1,6400000,2026-01-05 07:42:54
1767598974,basic_ranged_charm,0,840000,820000,2026-01-05 07:42:54
1767598974,basic_milking_charm,3,9800000,-1,2026-01-05 07:42:54
1767598974,basic_milking_charm,1,6400000,-1,2026-01-05 07:42:54
1767598974,basic_milking_charm,0,2600000,2250000,2026-01-05 07:42:54
1767598974,basic_melee_charm,0,840000,820000,2026-01-05 07:42:54
1767598974,basic_magic_charm,0,860000,840000,2026-01-05 07:42:54
1767598974,basic_intelligence_charm,0,840000,820000,2026-01-05 07:42:54
1767598974,basic_foraging_charm,2,6800000,-1,2026-01-05 07:42:54
1767598974,basic_foraging_charm,1,3300000,-1,2026-01-05 07:42:54
1767598974,beast_chaps,4,1000000,-1,2026-01-05 07:42:54
1767598974,beast_chaps,3,800000,-1,2026-01-05 07:42:54
1767598974,beast_chaps,1,1200000,-1,2026-01-05 07:42:54
1767598974,beast_chaps,0,225000,215000,2026-01-05 07:42:54
1767598974,beast_bracers,6,2150000,-1,2026-01-05 07:42:54
1767598974,beast_bracers,5,740000,100000,2026-01-05 07:42:54
1767598974,beast_bracers,4,820000,-1,2026-01-05 07:42:54
1767598974,beast_bracers,3,280000,-1,2026-01-05 07:42:54
1767598974,beast_bracers,2,230000,-1,2026-01-05 07:42:54
1767598974,beast_bracers,1,190000,-1,2026-01-05 07:42:54
1767598974,beast_bracers,0,140000,135000,2026-01-05 07:42:54
1767598974,beast_boots,5,500000,100000,2026-01-05 07:42:54
1767598974,beast_boots,4,300000,-1,2026-01-05 07:42:54
1767598974,beast_boots,3,3700000,-1,2026-01-05 07:42:54
1767598974,beast_boots,0,98000,94000,2026-01-05 07:42:54
1767598974,bear_essence,0,84,82,2026-01-05 07:42:54
1767598974,birch_bow,1,230000,-1,2026-01-05 07:42:54
1767598974,birch_bow,0,29500,25000,2026-01-05 07:42:54
1767598974,berserk,0,205000,200000,2026-01-05 07:42:54
1767598974,beast_tunic,5,1050000,100000,2026-01-05 07:42:54
1767598974,beast_tunic,3,680000,-1,2026-01-05 07:42:54
1767598974,beast_tunic,2,600000,-1,2026-01-05 07:42:54
1767598974,beast_tunic,1,330000,-1,2026-01-05 07:42:54
1767598974,beast_tunic,0,235000,230000,2026-01-05 07:42:54
1767598974,beast_leather,0,1600,1550,2026-01-05 07:42:54
1767598974,beast_hood,5,740000,100000,2026-01-05 07:42:54
1767598974,beast_hood,3,360000,-1,2026-01-05 07:42:54
1767598974,beast_hood,2,230000,-1,2026-01-05 07:42:54
1767598974,beast_hood,0,110000,100000,2026-01-05 07:42:54
1767598974,beast_hide,0,24,22,2026-01-05 07:42:54
1767598974,beast_chaps,6,3400000,-1,2026-01-05 07:42:54
1767598974,beast_chaps,5,1400000,100000,2026-01-05 07:42:54
1767598974,birch_water_staff,0,23000,21000,2026-01-05 07:42:54
1767598974,birch_shield,6,960000,-1,2026-01-05 07:42:54
1767598974,birch_shield,2,200000,-1,2026-01-05 07:42:54
1767598974,birch_shield,0,16500,14500,2026-01-05 07:42:54
1767598974,birch_nature_staff,0,23500,20000,2026-01-05 07:42:54
1767598974,birch_lumber,0,720,700,2026-01-05 07:42:54
1767598974,birch_log,0,66,62,2026-01-05 07:42:54
1767598974,birch_fire_staff,1,30000,-1,2026-01-05 07:42:54
1767598974,birch_fire_staff,0,23500,21500,2026-01-05 07:42:54
1767598974,birch_crossbow,4,64000,-1,2026-01-05 07:42:54
1767598974,birch_crossbow,3,120000,-1,2026-01-05 07:42:54
1767598974,birch_crossbow,2,86000,-1,2026-01-05 07:42:54
1767598974,birch_crossbow,1,-1,6600,2026-01-05 07:42:54
1767598974,birch_crossbow,0,22000,21000,2026-01-05 07:42:54
1767598974,birch_bow,3,100000,-1,2026-01-05 07:42:54
1767598974,birch_bow,2,92000,-1,2026-01-05 07:42:54
1767598974,bishops_codex_refined,12,1650000000,1400000000,2026-01-05 07:42:54
1767598974,bishops_codex_refined,10,700000000,680000000,2026-01-05 07:42:54
1767598974,bishops_codex_refined,0,490000000,-1,2026-01-05 07:42:54
1767598974,bishops_codex,9,-1,180000000,2026-01-05 07:42:54
1767598974,bishops_codex,8,155000000,125000000,2026-01-05 07:42:54
1767598974,bishops_codex,7,120000000,115000000,2026-01-05 07:42:54
1767598974,bishops_codex,6,-1,82000000,2026-01-05 07:42:54
1767598974,bishops_codex,5,105000000,96000000,2026-01-05 07:42:54
1767598974,bishops_codex,4,-1,84000000,2026-01-05 07:42:54
1767598974,bishops_codex,3,-1,82000000,2026-01-05 07:42:54
1767598974,bishops_codex,2,-1,76000000,2026-01-05 07:42:54
1767598974,bishops_codex,12,-1,1100000000,2026-01-05 07:42:54
1767598974,bishops_codex,11,-1,470000000,2026-01-05 07:42:54
1767598974,bishops_codex,10,330000000,320000000,2026-01-05 07:42:54
1767598974,bishops_codex,1,-1,82000000,2026-01-05 07:42:54
1767598974,bishops_codex,0,105000000,98000000,2026-01-05 07:42:54
1767598974,blackberry_cake,0,1050,1000,2026-01-05 07:42:54
1767598974,blackberry,0,125,120,2026-01-05 07:42:54
1767598974,black_tea_leaf,0,17,16,2026-01-05 07:42:54
1767598974,black_bear_shoes,7,3000000,2700000,2026-01-05 07:42:54
1767598974,black_bear_shoes,6,2250000,900000,2026-01-05 07:42:54
1767598974,black_bear_shoes,5,1150000,820000,2026-01-05 07:42:54
1767598974,black_bear_shoes,3,800000,-1,2026-01-05 07:42:54
1767598974,black_bear_shoes,16,960000000,-1,2026-01-05 07:42:54
1767598974,black_bear_shoes,15,330000000,-1,2026-01-05 07:42:54
1767598974,black_bear_shoes,14,180000000,170000000,2026-01-05 07:42:54
1767598974,black_bear_shoes,12,50000000,47000000,2026-01-05 07:42:54
1767598974,black_bear_shoes,10,12500000,11000000,2026-01-05 07:42:54
1767598974,black_bear_shoes,1,620000,-1,2026-01-05 07:42:54
1767598974,black_bear_shoes,0,600000,560000,2026-01-05 07:42:54
1767598974,black_bear_fluff,0,100000,98000,2026-01-05 07:42:54
1767598974,bishops_scroll,0,7800000,7600000,2026-01-05 07:42:54
1767598974,blazing_trident,9,-1,400000000,2026-01-05 07:42:54
1767598974,blazing_trident,8,390000000,300000000,2026-01-05 07:42:54
1767598974,blazing_trident,7,295000000,285000000,2026-01-05 07:42:54
1767598974,blazing_trident,6,270000000,245000000,2026-01-05 07:42:54
1767598974,blazing_trident,5,260000000,210000000,2026-01-05 07:42:54
1767598974,blazing_trident,4,-1,210000000,2026-01-05 07:42:54
1767598974,blazing_trident,3,-1,170000000,2026-01-05 07:42:54
1767598974,blazing_trident,2,-1,200000000,2026-01-05 07:42:54
1767598974,blazing_trident,14,-1,4000000000,2026-01-05 07:42:54
1767598974,blazing_trident,13,-1,880000000,2026-01-05 07:42:54
1767598974,blazing_trident,12,1950000000,1850000000,2026-01-05 07:42:54
1767598974,blazing_trident,11,1100000000,860000000,2026-01-05 07:42:54
1767598974,blazing_trident,10,640000000,600000000,2026-01-05 07:42:54
1767598974,blazing_trident,1,-1,205000000,2026-01-05 07:42:54
1767598974,blazing_trident,0,250000000,235000000,2026-01-05 07:42:54
1767598974,blackberry_donut,0,820,780,2026-01-05 07:42:54
1767598974,blooming_trident,6,295000000,230000000,2026-01-05 07:42:54
1767598974,blooming_trident,5,285000000,215000000,2026-01-05 07:42:54
1767598974,blooming_trident,4,-1,210000000,2026-01-05 07:42:54
1767598974,blooming_trident,3,-1,205000000,2026-01-05 07:42:54
1767598974,blooming_trident,2,-1,205000000,2026-01-05 07:42:54
1767598974,blooming_trident,13,3300000000,-1,2026-01-05 07:42:54
1767598974,blooming_trident,12,1950000000,1850000000,2026-01-05 07:42:54
1767598974,blooming_trident,11,1100000000,1000000000,2026-01-05 07:42:54
1767598974,blooming_trident,10,680000000,640000000,2026-01-05 07:42:54
1767598974,blooming_trident,1,-1,200000000,2026-01-05 07:42:54
1767598974,blooming_trident,0,270000000,250000000,2026-01-05 07:42:54
1767598974,blessed_tea,0,2250,2200,2026-01-05 07:42:54
1767598974,blazing_trident_refined,20,-1,5000000,2026-01-05 07:42:54
1767598974,blazing_trident_refined,13,-1,6000000,2026-01-05 07:42:54
1767598974,blazing_trident_refined,12,-1,2900000000,2026-01-05 07:42:54
1767598974,blazing_trident_refined,10,1750000000,1650000000,2026-01-05 07:42:54
1767598974,brewers_bottoms,9,-1,300000000,2026-01-05 07:42:54
1767598974,brewers_bottoms,8,310000000,265000000,2026-01-05 07:42:54
1767598974,brewers_bottoms,7,270000000,250000000,2026-01-05 07:42:54
1767598974,brewers_bottoms,10,470000000,440000000,2026-01-05 07:42:54
1767598974,branch_of_insight,0,26000000,25500000,2026-01-05 07:42:54
1767598974,blueberry_donut,0,700,660,2026-01-05 07:42:54
1767598974,blueberry_cake,0,780,740,2026-01-05 07:42:54
1767598974,blueberry,0,92,88,2026-01-05 07:42:54
1767598974,blue_key_fragment,0,800000,780000,2026-01-05 07:42:54
1767598974,blooming_trident_refined,18,-1,5000000,2026-01-05 07:42:54
1767598974,blooming_trident_refined,12,3200000000,3000000000,2026-01-05 07:42:54
1767598974,blooming_trident_refined,10,1800000000,900000000,2026-01-05 07:42:54
1767598974,blooming_trident_refined,0,-1,10500000,2026-01-05 07:42:54
1767598974,blooming_trident,9,-1,360000000,2026-01-05 07:42:54
1767598974,blooming_trident,8,350000000,310000000,2026-01-05 07:42:54
1767598974,blooming_trident,7,295000000,275000000,2026-01-05 07:42:54
1767598974,burble_brush,1,200000,-1,2026-01-05 07:42:54
1767598974,burble_brush,0,130000,120000,2026-01-05 07:42:54
1767598974,burble_boots,3,96000,-1,2026-01-05 07:42:54
1767598974,burble_boots,1,86000,-1,2026-01-05 07:42:54
1767598974,burble_boots,0,78000,72000,2026-01-05 07:42:54
1767598974,burble_alembic,5,640000,-1,2026-01-05 07:42:54
1767598974,burble_alembic,3,295000,-1,2026-01-05 07:42:54
1767598974,burble_alembic,2,295000,-1,2026-01-05 07:42:54
1767598974,burble_alembic,0,140000,125000,2026-01-05 07:42:54
1767598974,brown_key_fragment,0,1250000,1200000,2026-01-05 07:42:54
1767598974,brewing_tea,0,800,780,2026-01-05 07:42:54
1767598974,brewing_essence,0,210,205,2026-01-05 07:42:54
1767598974,brewers_top,8,225000000,190000000,2026-01-05 07:42:54
1767598974,brewers_top,7,200000000,185000000,2026-01-05 07:42:54
1767598974,brewers_top,10,400000000,370000000,2026-01-05 07:42:54
1767598974,brewers_top,0,190000000,145000000,2026-01-05 07:42:54
1767598974,burble_chisel,3,420000,-1,2026-01-05 07:42:54
1767598974,burble_chisel,0,140000,120000,2026-01-05 07:42:54
1767598974,burble_cheese,0,1650,1600,2026-01-05 07:42:54
1767598974,burble_bulwark,6,9800000,-1,2026-01-05 07:42:54
1767598974,burble_bulwark,5,6200000,-1,2026-01-05 07:42:54
1767598974,burble_bulwark,4,2000000,-1,2026-01-05 07:42:54
1767598974,burble_bulwark,2,125000,-1,2026-01-05 07:42:54
1767598974,burble_bulwark,10,100000000,-1,2026-01-05 07:42:54
1767598974,burble_bulwark,0,135000,125000,2026-01-05 07:42:54
1767598974,burble_buckler,7,6400000,-1,2026-01-05 07:42:54
1767598974,burble_buckler,2,120000,-1,2026-01-05 07:42:54
1767598974,burble_buckler,1,250000,-1,2026-01-05 07:42:54
1767598974,burble_buckler,0,110000,98000,2026-01-05 07:42:54
1767598974,burble_brush,5,840000,-1,2026-01-05 07:42:54
1767598974,burble_brush,3,330000,250000,2026-01-05 07:42:54
1767598974,burble_brush,2,240000,-1,2026-01-05 07:42:54
1767598974,burble_helmet,5,4000000,-1,2026-01-05 07:42:54
1767598974,burble_helmet,0,98000,94000,2026-01-05 07:42:54
1767598974,burble_hatchet,5,-1,5200,2026-01-05 07:42:54
1767598974,burble_hatchet,3,285000,5200,2026-01-05 07:42:54
1767598974,burble_hatchet,0,140000,120000,2026-01-05 07:42:54
1767598974,burble_hammer,3,420000,-1,2026-01-05 07:42:54
1767598974,burble_hammer,2,230000,-1,2026-01-05 07:42:54
1767598974,burble_hammer,0,135000,125000,2026-01-05 07:42:54
1767598974,burble_gauntlets,0,78000,76000,2026-01-05 07:42:54
1767598974,burble_enhancer,7,6400000,-1,2026-01-05 07:42:54
1767598974,burble_enhancer,6,2750000,-1,2026-01-05 07:42:54
1767598974,burble_enhancer,5,560000,-1,2026-01-05 07:42:54
1767598974,burble_enhancer,2,180000,-1,2026-01-05 07:42:54
1767598974,burble_enhancer,1,10000000,-1,2026-01-05 07:42:54
1767598974,burble_enhancer,0,140000,120000,2026-01-05 07:42:54
1767598974,burble_chisel,6,1950000,-1,2026-01-05 07:42:54
1767598974,burble_shears,2,250000,-1,2026-01-05 07:42:54
1767598974,burble_shears,1,225000,-1,2026-01-05 07:42:54
1767598974,burble_shears,0,125000,115000,2026-01-05 07:42:54
1767598974,burble_pot,2,250000,-1,2026-01-05 07:42:54
1767598974,burble_pot,1,150000,-1,2026-01-05 07:42:54
1767598974,burble_pot,0,130000,120000,2026-01-05 07:42:54
1767598974,burble_plate_legs,0,130000,120000,2026-01-05 07:42:54
1767598974,burble_plate_body,1,160000,-1,2026-01-05 07:42:54
1767598974,burble_plate_body,0,155000,140000,2026-01-05 07:42:54
1767598974,burble_needle,3,420000,-1,2026-01-05 07:42:54
1767598974,burble_needle,1,3500000,-1,2026-01-05 07:42:54
1767598974,burble_needle,0,130000,120000,2026-01-05 07:42:54
1767598974,burble_milk,0,370,360,2026-01-05 07:42:54
1767598974,burble_mace,3,300000,-1,2026-01-05 07:42:54
1767598974,burble_mace,1,150000,-1,2026-01-05 07:42:54
1767598974,burble_mace,0,160000,150000,2026-01-05 07:42:54
1767598974,butter_of_proficiency,0,13500000,13000000,2026-01-05 07:42:54
1767598974,burning_key_fragment,0,2050000,2000000,2026-01-05 07:42:54
1767598974,burble_tea_leaf,0,25,24,2026-01-05 07:42:54
1767598974,burble_sword,7,6400000,-1,2026-01-05 07:42:54
1767598974,burble_sword,5,3600000,-1,2026-01-05 07:42:54
1767598974,burble_sword,4,2000000,-1,2026-01-05 07:42:54
1767598974,burble_sword,3,300000,-1,2026-01-05 07:42:54
1767598974,burble_sword,0,160000,155000,2026-01-05 07:42:54
1767598974,burble_spear,5,1000000,-1,2026-01-05 07:42:54
1767598974,burble_spear,4,1000000,-1,2026-01-05 07:42:54
1767598974,burble_spear,3,560000,-1,2026-01-05 07:42:54
1767598974,burble_spear,1,12500000,-1,2026-01-05 07:42:54
1767598974,burble_spear,0,155000,150000,2026-01-05 07:42:54
1767598974,burble_spatula,3,350000,-1,2026-01-05 07:42:54
1767598974,burble_spatula,0,140000,98000,2026-01-05 07:42:54
1767598974,burble_shears,3,360000,-1,2026-01-05 07:42:54
1767598974,cedar_fire_staff,2,245000,-1,2026-01-05 07:42:54
1767598974,cedar_fire_staff,1,100000000000,-1,2026-01-05 07:42:54
1767598974,cedar_fire_staff,0,100000,76000,2026-01-05 07:42:54
1767598974,cedar_crossbow,5,400000,-1,2026-01-05 07:42:54
1767598974,cedar_crossbow,4,320000,-1,2026-01-05 07:42:54
1767598974,cedar_crossbow,3,140000,-1,2026-01-05 07:42:54
1767598974,cedar_crossbow,2,115000,-1,2026-01-05 07:42:54
1767598974,cedar_crossbow,0,72000,62000,2026-01-05 07:42:54
1767598974,cedar_bow,4,2200000,-1,2026-01-05 07:42:54
1767598974,cedar_bow,2,120000,-1,2026-01-05 07:42:54
1767598974,cedar_bow,1,88000,-1,2026-01-05 07:42:54
1767598974,cedar_bow,0,90000,72000,2026-01-05 07:42:54
1767598974,catalytic_tea,0,2150,2100,2026-01-05 07:42:54
1767598974,catalyst_of_transmutation,0,9000,8600,2026-01-05 07:42:54
1767598974,catalyst_of_decomposition,0,5800,5600,2026-01-05 07:42:54
1767598974,catalyst_of_coinification,0,4900,4800,2026-01-05 07:42:54
1767598974,cedar_water_staff,2,780000,-1,2026-01-05 07:42:54
1767598974,cedar_water_staff,0,72000,66000,2026-01-05 07:42:54
1767598974,cedar_shield,5,1100000,-1,2026-01-05 07:42:54
1767598974,cedar_shield,3,490000,-1,2026-01-05 07:42:54
1767598974,cedar_shield,2,100000,-1,2026-01-05 07:42:54
1767598974,cedar_shield,10,5000000,-1,2026-01-05 07:42:54
1767598974,cedar_shield,0,52000,45000,2026-01-05 07:42:54
1767598974,cedar_nature_staff,6,1100000,-1,2026-01-05 07:42:54
1767598974,cedar_nature_staff,4,1000000,-1,2026-01-05 07:42:54
1767598974,cedar_nature_staff,3,195000,-1,2026-01-05 07:42:54
1767598974,cedar_nature_staff,2,150000,-1,2026-01-05 07:42:54
1767598974,cedar_nature_staff,1,980000,-1,2026-01-05 07:42:54
1767598974,cedar_nature_staff,0,72000,68000,2026-01-05 07:42:54
1767598974,cedar_lumber,0,1400,1350,2026-01-05 07:42:54
1767598974,cedar_log,0,265,260,2026-01-05 07:42:54
1767598974,cedar_fire_staff,3,380000,-1,2026-01-05 07:42:54
1767598974,celestial_chisel,0,-1,320000000,2026-01-05 07:42:54
1767598974,celestial_brush,9,-1,5800000,2026-01-05 07:42:54
1767598974,celestial_brush,8,520000000,460000000,2026-01-05 07:42:54
1767598974,celestial_brush,7,500000000,400000000,2026-01-05 07:42:54
1767598974,celestial_brush,20,-1,235000000,2026-01-05 07:42:54
1767598974,celestial_brush,14,-1,4500000000,2026-01-05 07:42:54
1767598974,celestial_brush,12,2200000000,-1,2026-01-05 07:42:54
1767598974,celestial_brush,10,940000000,760000000,2026-01-05 07:42:54
1767598974,celestial_brush,0,-1,320000000,2026-01-05 07:42:54
1767598974,celestial_alembic,9,-1,660000000,2026-01-05 07:42:54
1767598974,celestial_alembic,8,580000000,520000000,2026-01-05 07:42:54
1767598974,celestial_alembic,7,520000000,470000000,2026-01-05 07:42:54
1767598974,celestial_alembic,20,-1,10500000,2026-01-05 07:42:54
1767598974,celestial_alembic,12,2500000000,-1,2026-01-05 07:42:54
1767598974,celestial_alembic,10,920000000,880000000,2026-01-05 07:42:54
1767598974,celestial_alembic,0,-1,300000000,2026-01-05 07:42:54
1767598974,celestial_enhancer,6,-1,8400000,2026-01-05 07:42:54
1767598974,celestial_enhancer,5,680000000,5600000,2026-01-05 07:42:54
1767598974,celestial_enhancer,20,-1,360000000,2026-01-05 07:42:54
1767598974,celestial_enhancer,15,-1,23000000,2026-01-05 07:42:54
1767598974,celestial_enhancer,14,8600000000,-1,2026-01-05 07:42:54
1767598974,celestial_enhancer,13,5000000000,4500000000,2026-01-05 07:42:54
1767598974,celestial_enhancer,12,2850000000,2300000000,2026-01-05 07:42:54
1767598974,celestial_enhancer,11,1750000000,1600000000,2026-01-05 07:42:54
1767598974,celestial_enhancer,10,1200000000,1150000000,2026-01-05 07:42:54
1767598974,celestial_enhancer,0,560000000,520000000,2026-01-05 07:42:54
1767598974,celestial_chisel,9,-1,320000000,2026-01-05 07:42:54
1767598974,celestial_chisel,8,580000000,80000000,2026-01-05 07:42:54
1767598974,celestial_chisel,7,490000000,440000000,2026-01-05 07:42:54
1767598974,celestial_chisel,5,-1,400000000,2026-01-05 07:42:54
1767598974,celestial_chisel,10,900000000,800000000,2026-01-05 07:42:54
1767598974,celestial_chisel,1,-1,28000000,2026-01-05 07:42:54
1767598974,celestial_hatchet,6,-1,310000000,2026-01-05 07:42:54
1767598974,celestial_hatchet,5,460000000,300000000,2026-01-05 07:42:54
1767598974,celestial_hatchet,20,-1,5000000,2026-01-05 07:42:54
1767598974,celestial_hatchet,14,-1,5000000,2026-01-05 07:42:54
1767598974,celestial_hatchet,12,2300000000,-1,2026-01-05 07:42:54
1767598974,celestial_hatchet,10,880000000,840000000,2026-01-05 07:42:54
1767598974,celestial_hatchet,0,-1,340000000,2026-01-05 07:42:54
1767598974,celestial_hammer,8,600000000,-1,2026-01-05 07:42:54
1767598974,celestial_hammer,7,520000000,500000000,2026-01-05 07:42:54
1767598974,celestial_hammer,5,-1,275000000,2026-01-05 07:42:54
1767598974,celestial_hammer,12,2450000000,-1,2026-01-05 07:42:54
1767598974,celestial_hammer,10,940000000,820000000,2026-01-05 07:42:54
1767598974,celestial_hammer,0,-1,340000000,2026-01-05 07:42:54
1767598974,celestial_enhancer,9,980000000,840000000,2026-01-05 07:42:54
1767598974,celestial_enhancer,8,740000000,600000000,2026-01-05 07:42:54
1767598974,celestial_enhancer,7,760000000,500000000,2026-01-05 07:42:54
1767598974,celestial_pot,13,-1,5000000,2026-01-05 07:42:54
1767598974,celestial_pot,12,2200000000,2050000000,2026-01-05 07:42:54
1767598974,celestial_pot,10,840000000,780000000,2026-01-05 07:42:54
1767598974,celestial_pot,0,-1,300000000,2026-01-05 07:42:54
1767598974,celestial_needle,9,-1,450000000,2026-01-05 07:42:54
1767598974,celestial_needle,8,540000000,500000000,2026-01-05 07:42:54
1767598974,celestial_needle,7,460000000,390000000,2026-01-05 07:42:54
1767598974,celestial_needle,5,420000000,-1,2026-01-05 07:42:54
1767598974,celestial_needle,20,-1,40000000,2026-01-05 07:42:54
1767598974,celestial_needle,15,-1,40000000,2026-01-05 07:42:54
1767598974,celestial_needle,12,2250000000,1450000000,2026-01-05 07:42:54
1767598974,celestial_needle,10,840000000,760000000,2026-01-05 07:42:54
1767598974,celestial_needle,0,-1,330000000,2026-01-05 07:42:54
1767598974,celestial_hatchet,9,720000000,-1,2026-01-05 07:42:54
1767598974,celestial_hatchet,8,560000000,450000000,2026-01-05 07:42:54
1767598974,celestial_hatchet,7,480000000,430000000,2026-01-05 07:42:54
1767598974,celestial_spatula,7,480000000,-1,2026-01-05 07:42:54
1767598974,celestial_spatula,6,460000000,-1,2026-01-05 07:42:54
1767598974,celestial_spatula,5,430000000,380000000,2026-01-05 07:42:54
1767598974,celestial_spatula,20,-1,720000000,2026-01-05 07:42:54
1767598974,celestial_spatula,12,2300000000,2150000000,2026-01-05 07:42:54
1767598974,celestial_spatula,10,900000000,820000000,2026-01-05 07:42:54
1767598974,celestial_spatula,0,420000000,310000000,2026-01-05 07:42:54
1767598974,celestial_shears,8,580000000,430000000,2026-01-05 07:42:54
1767598974,celestial_shears,7,480000000,420000000,2026-01-05 07:42:54
1767598974,celestial_shears,20,-1,6400000,2026-01-05 07:42:54
1767598974,celestial_shears,12,2300000000,225000000,2026-01-05 07:42:54
1767598974,celestial_shears,10,880000000,840000000,2026-01-05 07:42:54
1767598974,celestial_shears,1,-1,100000000,2026-01-05 07:42:54
1767598974,celestial_shears,0,-1,320000000,2026-01-05 07:42:54
1767598974,celestial_pot,8,540000000,-1,2026-01-05 07:42:54
1767598974,celestial_pot,7,440000000,400000000,2026-01-05 07:42:54
1767598974,channeling_coffee,0,4100,4000,2026-01-05 07:42:54
1767598974,centaur_hoof,0,250000,245000,2026-01-05 07:42:54
1767598974,centaur_boots,9,9600000,7000000,2026-01-05 07:42:54
1767598974,centaur_boots,8,5600000,3200000,2026-01-05 07:42:54
1767598974,centaur_boots,7,2650000,2300000,2026-01-05 07:42:54
1767598974,centaur_boots,6,2000000,1250000,2026-01-05 07:42:54
1767598974,centaur_boots,5,1550000,1250000,2026-01-05 07:42:54
1767598974,centaur_boots,4,-1,1000000,2026-01-05 07:42:54
1767598974,centaur_boots,3,-1,105000,2026-01-05 07:42:54
1767598974,centaur_boots,2,1500000,1000000,2026-01-05 07:42:54
1767598974,centaur_boots,14,255000000,190000000,2026-01-05 07:42:54
1767598974,centaur_boots,12,60000000,58000000,2026-01-05 07:42:54
1767598974,centaur_boots,10,15000000,13000000,2026-01-05 07:42:54
1767598974,centaur_boots,1,-1,700000,2026-01-05 07:42:54
1767598974,centaur_boots,0,1150000,1050000,2026-01-05 07:42:54
1767598974,celestial_spatula,8,580000000,-1,2026-01-05 07:42:54
1767598974,chaotic_flail_refined,10,1500000000,1150000000,2026-01-05 07:42:54
1767598974,chaotic_flail_refined,0,-1,10500000,2026-01-05 07:42:54
1767598974,chaotic_flail,9,-1,300000000,2026-01-05 07:42:54
1767598974,chaotic_flail,8,370000000,310000000,2026-01-05 07:42:54
1767598974,chaotic_flail,7,310000000,285000000,2026-01-05 07:42:54
1767598974,chaotic_flail,6,-1,170000000,2026-01-05 07:42:54
1767598974,chaotic_flail,5,-1,215000000,2026-01-05 07:42:54
1767598974,chaotic_flail,4,-1,195000000,2026-01-05 07:42:54
1767598974,chaotic_flail,3,-1,170000000,2026-01-05 07:42:54
1767598974,chaotic_flail,2,-1,170000000,2026-01-05 07:42:54
1767598974,chaotic_flail,12,1900000000,1800000000,2026-01-05 07:42:54
1767598974,chaotic_flail,11,-1,240000000,2026-01-05 07:42:54
1767598974,chaotic_flail,10,620000000,600000000,2026-01-05 07:42:54
1767598974,chaotic_flail,1,-1,170000000,2026-01-05 07:42:54
1767598974,chaotic_flail,0,250000000,240000000,2026-01-05 07:42:54
1767598974,chaotic_chain,0,10500000,10000000,2026-01-05 07:42:54
1767598974,cheese_boots,10,1850000,900000,2026-01-05 07:42:54
1767598974,cheese_boots,1,-1,500,2026-01-05 07:42:54
1767598974,cheese_boots,0,4800,4700,2026-01-05 07:42:54
1767598974,cheese_alembic,5,1950000,-1,2026-01-05 07:42:54
1767598974,cheese_alembic,2,700000,-1,2026-01-05 07:42:54
1767598974,cheese_alembic,10,15000000,-1,2026-01-05 07:42:54
1767598974,cheese_alembic,1,10000000,3900,2026-01-05 07:42:54
1767598974,cheese_alembic,0,5200,2950,2026-01-05 07:42:54
1767598974,cheese,0,580,560,2026-01-05 07:42:54
1767598974,chaotic_flail_refined,5,-1,10000000,2026-01-05 07:42:54
1767598974,chaotic_flail_refined,20,-1,5200000,2026-01-05 07:42:54
1767598974,chaotic_flail_refined,16,-1,10500000,2026-01-05 07:42:54
1767598974,chaotic_flail_refined,15,-1,10500000,2026-01-05 07:42:54
1767598974,chaotic_flail_refined,14,-1,11000000,2026-01-05 07:42:54
1767598974,chaotic_flail_refined,13,-1,3700000000,2026-01-05 07:42:54
1767598974,chaotic_flail_refined,12,2650000000,2550000000,2026-01-05 07:42:54
1767598974,cheese_brush,0,4800,2850,2026-01-05 07:42:54
1767598974,cheese_boots,9,1300000,600000,2026-01-05 07:42:54
1767598974,cheese_boots,8,800000,250000,2026-01-05 07:42:54
1767598974,cheese_boots,7,640000,-1,2026-01-05 07:42:54
1767598974,cheese_boots,6,340000,-1,2026-01-05 07:42:54
1767598974,cheese_boots,5,140000,-1,2026-01-05 07:42:54
1767598974,cheese_boots,4,155000,-1,2026-01-05 07:42:54
1767598974,cheese_boots,3,125000,-1,2026-01-05 07:42:54
1767598974,cheese_boots,2,64000,-1,2026-01-05 07:42:54
1767598974,cheese_boots,17,200000000,-1,2026-01-05 07:42:54
1767598974,cheese_boots,16,98000000,80000000,2026-01-05 07:42:54
1767598974,cheese_boots,15,47000000,42000000,2026-01-05 07:42:54
1767598974,cheese_boots,14,23500000,21500000,2026-01-05 07:42:54
1767598974,cheese_boots,13,11500000,10000000,2026-01-05 07:42:54
1767598974,cheese_boots,12,10000000,2800000,2026-01-05 07:42:54
1767598974,cheese_boots,11,4900000,1400000,2026-01-05 07:42:54
1767598974,cheese_bulwark,6,1500000,-1,2026-01-05 07:42:54
1767598974,cheese_bulwark,5,10000000,-1,2026-01-05 07:42:54
1767598974,cheese_bulwark,3,31000,-1,2026-01-05 07:42:54
1767598974,cheese_bulwark,10,4500000,-1,2026-01-05 07:42:54
1767598974,cheese_bulwark,0,8000,7800,2026-01-05 07:42:54
1767598974,cheese_buckler,5,720000,-1,2026-01-05 07:42:54
1767598974,cheese_buckler,3,10000000,96,2026-01-05 07:42:54
1767598974,cheese_buckler,10,1900000,-1,2026-01-05 07:42:54
1767598974,cheese_buckler,1,10000000,500,2026-01-05 07:42:54
1767598974,cheese_buckler,0,6200,4100,2026-01-05 07:42:54
1767598974,cheese_brush,6,98000,8600,2026-01-05 07:42:54
1767598974,cheese_brush,4,175000,-1,2026-01-05 07:42:54
1767598974,cheese_brush,3,170000,6000,2026-01-05 07:42:54
1767598974,cheese_brush,2,68000,-1,2026-01-05 07:42:54
1767598974,cheese_brush,10,2550000,320000,2026-01-05 07:42:54
1767598974,cheese_brush,1,8000,-1,2026-01-05 07:42:54
1767598974,cheese_hammer,0,5200,4500,2026-01-05 07:42:54
1767598974,cheese_gauntlets,5,150000,-1,2026-01-05 07:42:54
1767598974,cheese_gauntlets,16,120000000,-1,2026-01-05 07:42:54
1767598974,cheese_gauntlets,15,50000000,40000000,2026-01-05 07:42:54
1767598974,cheese_gauntlets,14,22500000,20000000,2026-01-05 07:42:54
1767598974,cheese_gauntlets,13,11500000,7600000,2026-01-05 07:42:54
1767598974,cheese_gauntlets,12,-1,3200000,2026-01-05 07:42:54
1767598974,cheese_gauntlets,10,-1,1800000,2026-01-05 07:42:54
1767598974,cheese_gauntlets,1,-1,500,2026-01-05 07:42:54
1767598974,cheese_gauntlets,0,4900,4700,2026-01-05 07:42:54
1767598974,cheese_enhancer,6,280000,-1,2026-01-05 07:42:54
1767598974,cheese_enhancer,5,1550000,-1,2026-01-05 07:42:54
1767598974,cheese_enhancer,10,10000000,-1,2026-01-05 07:42:54
1767598974,cheese_enhancer,0,5000,2700,2026-01-05 07:42:54
1767598974,cheese_chisel,1,4300,-1,2026-01-05 07:42:54
1767598974,cheese_chisel,0,5200,4400,2026-01-05 07:42:54
1767598974,cheese_mace,4,1000000,-1,2026-01-05 07:42:54
1767598974,cheese_mace,3,500000,145,2026-01-05 07:42:54
1767598974,cheese_mace,2,110000,-1,2026-01-05 07:42:54
1767598974,cheese_mace,1,-1,500,2026-01-05 07:42:54
1767598974,cheese_mace,0,5000,4100,2026-01-05 07:42:54
1767598974,cheese_helmet,6,450000,-1,2026-01-05 07:42:54
1767598974,cheese_helmet,4,275000,-1,2026-01-05 07:42:54
1767598974,cheese_helmet,10,4500000,-1,2026-01-05 07:42:54
1767598974,cheese_helmet,1,40000,-1,2026-01-05 07:42:54
1767598974,cheese_helmet,0,5800,2600,2026-01-05 07:42:54
1767598974,cheese_hatchet,3,235000,-1,2026-01-05 07:42:54
1767598974,cheese_hatchet,2,100000,-1,2026-01-05 07:42:54
1767598974,cheese_hatchet,1,70000,-1,2026-01-05 07:42:54
1767598974,cheese_hatchet,0,5200,4300,2026-01-05 07:42:54
1767598974,cheese_hammer,2,880000,-1,2026-01-05 07:42:54
1767598974,cheese_hammer,1,640000,-1,2026-01-05 07:42:54
1767598974,cheese_shears,12,36000000,-1,2026-01-05 07:42:54
1767598974,cheese_shears,1,12000,-1,2026-01-05 07:42:54
1767598974,cheese_shears,0,5200,4500,2026-01-05 07:42:54
1767598974,cheese_pot,1,4700,-1,2026-01-05 07:42:54
1767598974,cheese_pot,0,5000,4000,2026-01-05 07:42:54
1767598974,cheese_plate_legs,3,155000,-1,2026-01-05 07:42:54
1767598974,cheese_plate_legs,12,8000000,-1,2026-01-05 07:42:54
1767598974,cheese_plate_legs,1,-1,880,2026-01-05 07:42:54
1767598974,cheese_plate_legs,0,8200,7400,2026-01-05 07:42:54
1767598974,cheese_plate_body,6,400000,-1,2026-01-05 07:42:54
1767598974,cheese_plate_body,5,320000,-1,2026-01-05 07:42:54
1767598974,cheese_plate_body,4,270000,-1,2026-01-05 07:42:54
1767598974,cheese_plate_body,1,-1,1000,2026-01-05 07:42:54
1767598974,cheese_plate_body,0,9000,5600,2026-01-05 07:42:54
1767598974,cheese_needle,10,2800000,-1,2026-01-05 07:42:54
1767598974,cheese_needle,0,5200,4700,2026-01-05 07:42:54
1767598974,cheese_sword,20,4400000000,-1,2026-01-05 07:42:54
1767598974,cheese_sword,2,35000000,-1,2026-01-05 07:42:54
1767598974,cheese_sword,12,7400000,4000000,2026-01-05 07:42:54
1767598974,cheese_sword,11,8000000,2000000,2026-01-05 07:42:54
1767598974,cheese_sword,10,2700000,1650000,2026-01-05 07:42:54
1767598974,cheese_sword,1,9000,700,2026-01-05 07:42:54
1767598974,cheese_sword,0,5200,4900,2026-01-05 07:42:54
1767598974,cheese_spear,6,1950000,-1,2026-01-05 07:42:54
1767598974,cheese_spear,5,1000000,-1,2026-01-05 07:42:54
1767598974,cheese_spear,3,1000000,145,2026-01-05 07:42:54
1767598974,cheese_spear,10,-1,660000,2026-01-05 07:42:54
1767598974,cheese_spear,1,-1,500,2026-01-05 07:42:54
1767598974,cheese_spear,0,5200,5000,2026-01-05 07:42:54
1767598974,cheese_spatula,5,160000,-1,2026-01-05 07:42:54
1767598974,cheese_spatula,10,-1,115,2026-01-05 07:42:54
1767598974,cheese_spatula,0,5200,3800,2026-01-05 07:42:54
1767598974,chefs_bottoms,0,-1,180000000,2026-01-05 07:42:54
1767598974,cheesesmithing_tea,0,1150,1000,2026-01-05 07:42:54
1767598974,cheesesmithing_essence,0,480,470,2026-01-05 07:42:54
1767598974,cheesemakers_top,8,-1,250000000,2026-01-05 07:42:54
1767598974,cheesemakers_top,7,240000000,220000000,2026-01-05 07:42:54
1767598974,cheesemakers_top,6,230000000,165000000,2026-01-05 07:42:54
1767598974,cheesemakers_top,5,-1,170000000,2026-01-05 07:42:54
1767598974,cheesemakers_top,10,470000000,400000000,2026-01-05 07:42:54
1767598974,cheesemakers_bottoms,8,350000000,300000000,2026-01-05 07:42:54
1767598974,cheesemakers_bottoms,7,310000000,290000000,2026-01-05 07:42:54
1767598974,cheesemakers_bottoms,10,520000000,480000000,2026-01-05 07:42:54
1767598974,cheesemakers_bottoms,0,-1,265000000,2026-01-05 07:42:54
1767598974,cheese_sword,6,70000,-1,2026-01-05 07:42:54
1767598974,cheese_sword,5,175000,-1,2026-01-05 07:42:54
1767598974,cheese_sword,4,21500,8000,2026-01-05 07:42:54
1767598974,cheese_sword,3,29000,920,2026-01-05 07:42:54
1767598974,chrono_gloves,0,7400000,7200000,2026-01-05 07:42:54
1767598974,chimerical_refinement_shard,0,2150000,2100000,2026-01-05 07:42:54
1767598974,chimerical_essence,0,580,560,2026-01-05 07:42:54
1767598974,chimerical_entry_key,0,480000,450000,2026-01-05 07:42:54
1767598974,chimerical_chest_key,0,3000000,2950000,2026-01-05 07:42:54
1767598974,chefs_top,8,230000000,200000000,2026-01-05 07:42:54
1767598974,chefs_top,7,215000000,170000000,2026-01-05 07:42:54
1767598974,chefs_top,14,4000000000,-1,2026-01-05 07:42:54
1767598974,chefs_top,12,1500000000,-1,2026-01-05 07:42:54
1767598974,chefs_top,10,430000000,380000000,2026-01-05 07:42:54
1767598974,chefs_top,0,195000000,155000000,2026-01-05 07:42:54
1767598974,chefs_bottoms,8,320000000,280000000,2026-01-05 07:42:54
1767598974,chefs_bottoms,7,285000000,265000000,2026-01-05 07:42:54
1767598974,chefs_bottoms,5,-1,190000000,2026-01-05 07:42:54
1767598974,chefs_bottoms,12,1800000000,-1,2026-01-05 07:42:54
1767598974,chefs_bottoms,10,490000000,440000000,2026-01-05 07:42:54
1767598974,collectors_boots,11,-1,60000000,2026-01-05 07:42:54
1767598974,collectors_boots,10,52000000,47000000,2026-01-05 07:42:54
1767598974,collectors_boots,1,-1,4800000,2026-01-05 07:42:54
1767598974,collectors_boots,0,5000000,4200000,2026-01-05 07:42:54
1767598974,cocoon,0,460,450,2026-01-05 07:42:54
1767598974,cleave,0,44000,35000,2026-01-05 07:42:54
1767598974,chrono_sphere,0,880000,860000,2026-01-05 07:42:54
1767598974,chrono_gloves,9,39000000,-1,2026-01-05 07:42:54
1767598974,chrono_gloves,8,23500000,15000000,2026-01-05 07:42:54
1767598974,chrono_gloves,7,15000000,13500000,2026-01-05 07:42:54
1767598974,chrono_gloves,5,8800000,7800000,2026-01-05 07:42:54
1767598974,chrono_gloves,3,8400000,1000000,2026-01-05 07:42:54
1767598974,chrono_gloves,14,-1,780000000,2026-01-05 07:42:54
1767598974,chrono_gloves,13,-1,380000000,2026-01-05 07:42:54
1767598974,chrono_gloves,12,240000000,225000000,2026-01-05 07:42:54
1767598974,chrono_gloves,10,62000000,60000000,2026-01-05 07:42:54
1767598974,colossus_plate_body,12,680000000,280000000,2026-01-05 07:42:54
1767598974,colossus_plate_body,10,120000000,80000000,2026-01-05 07:42:54
1767598974,colossus_plate_body,0,9800000,8600000,2026-01-05 07:42:54
1767598974,colossus_core,0,880000,860000,2026-01-05 07:42:54
1767598974,collectors_boots,9,-1,25000000,2026-01-05 07:42:54
1767598974,collectors_boots,8,27000000,19000000,2026-01-05 07:42:54
1767598974,collectors_boots,7,14000000,12500000,2026-01-05 07:42:54
1767598974,collectors_boots,6,-1,5000000,2026-01-05 07:42:54
1767598974,collectors_boots,5,6600000,6200000,2026-01-05 07:42:54
1767598974,collectors_boots,4,-1,4800000,2026-01-05 07:42:54
1767598974,collectors_boots,3,-1,4800000,2026-01-05 07:42:54
1767598974,collectors_boots,20,-1,2450000,2026-01-05 07:42:54
1767598974,collectors_boots,2,-1,4800000,2026-01-05 07:42:54
1767598974,collectors_boots,15,-1,1000000000,2026-01-05 07:42:54
1767598974,collectors_boots,13,-1,200000000,2026-01-05 07:42:54
1767598974,collectors_boots,12,185000000,150000000,2026-01-05 07:42:54
1767598974,corsair_helmet,10,380000000,370000000,2026-01-05 07:42:54
1767598974,corsair_helmet,1,125000000,-1,2026-01-05 07:42:54
1767598974,corsair_helmet,0,105000000,98000000,2026-01-05 07:42:54
1767598974,corsair_crest,0,8000000,7800000,2026-01-05 07:42:54
1767598974,cooking_tea,0,900,780,2026-01-05 07:42:54
1767598974,cooking_essence,0,340,310,2026-01-05 07:42:54
1767598974,colossus_plate_legs,8,-1,13500000,2026-01-05 07:42:54
1767598974,colossus_plate_legs,7,19500000,-1,2026-01-05 07:42:54
1767598974,colossus_plate_legs,5,10500000,9000000,2026-01-05 07:42:54
1767598974,colossus_plate_legs,12,200000000,-1,2026-01-05 07:42:54
1767598974,colossus_plate_legs,10,-1,70000000,2026-01-05 07:42:54
1767598974,colossus_plate_legs,0,7200000,6400000,2026-01-05 07:42:54
1767598974,colossus_plate_body,9,-1,25500000,2026-01-05 07:42:54
1767598974,colossus_plate_body,8,76000000,15000000,2026-01-05 07:42:54
1767598974,colossus_plate_body,7,22000000,16000000,2026-01-05 07:42:54
1767598974,colossus_plate_body,5,14000000,10000000,2026-01-05 07:42:54
1767598974,cotton_boots,10,1700000,-1,2026-01-05 07:42:54
1767598974,cotton_boots,1,15500,-1,2026-01-05 07:42:54
1767598974,cotton_boots,0,4800,4700,2026-01-05 07:42:54
1767598974,cotton,0,84,70,2026-01-05 07:42:54
1767598974,corsair_helmet_refined,6,100000000000,-1,2026-01-05 07:42:54
1767598974,corsair_helmet_refined,20,-1,3500000,2026-01-05 07:42:54
1767598974,corsair_helmet_refined,12,-1,1600000000,2026-01-05 07:42:54
1767598974,corsair_helmet_refined,10,740000000,720000000,2026-01-05 07:42:54
1767598974,corsair_helmet,9,290000000,200000000,2026-01-05 07:42:54
1767598974,corsair_helmet,8,170000000,150000000,2026-01-05 07:42:54
1767598974,corsair_helmet,7,130000000,120000000,2026-01-05 07:42:54
1767598974,corsair_helmet,6,115000000,92000000,2026-01-05 07:42:54
1767598974,corsair_helmet,5,105000000,98000000,2026-01-05 07:42:54
1767598974,corsair_helmet,14,5200000000,-1,2026-01-05 07:42:54
1767598974,corsair_helmet,12,1350000000,1250000000,2026-01-05 07:42:54
1767598974,corsair_helmet,11,-1,74000000,2026-01-05 07:42:54
1767598974,cotton_hat,1,5000,-1,2026-01-05 07:42:54
1767598974,cotton_hat,0,4500,3000,2026-01-05 07:42:54
1767598974,cotton_gloves,6,700000,-1,2026-01-05 07:42:54
1767598974,cotton_gloves,4,2450000,-1,2026-01-05 07:42:54
1767598974,cotton_gloves,3,100000000000,-1,2026-01-05 07:42:54
1767598974,cotton_gloves,2,500000000,-1,2026-01-05 07:42:54
1767598974,cotton_gloves,15,48000000,40000000,2026-01-05 07:42:54
1767598974,cotton_gloves,14,21500000,20000000,2026-01-05 07:42:54
1767598974,cotton_gloves,13,11000000,-1,2026-01-05 07:42:54
1767598974,cotton_gloves,10,-1,1000000,2026-01-05 07:42:54
1767598974,cotton_gloves,1,-1,500,2026-01-05 07:42:54
1767598974,cotton_gloves,0,4900,4600,2026-01-05 07:42:54
1767598974,cotton_fabric,0,580,560,2026-01-05 07:42:54
1767598974,cotton_boots,5,2500000000,-1,2026-01-05 07:42:54
1767598974,cotton_boots,3,1500000000,-1,2026-01-05 07:42:54
1767598974,cotton_boots,2,1100000000,-1,2026-01-05 07:42:54
1767598974,crafters_top,10,450000000,380000000,2026-01-05 07:42:54
1767598974,crafters_top,0,-1,160000000,2026-01-05 07:42:54
1767598974,crafters_bottoms,8,340000000,-1,2026-01-05 07:42:54
1767598974,crafters_bottoms,7,310000000,280000000,2026-01-05 07:42:54
1767598974,crafters_bottoms,10,-1,450000000,2026-01-05 07:42:54
1767598974,crab_pincer,0,9800,8600,2026-01-05 07:42:54
1767598974,cotton_robe_top,5,270000,-1,2026-01-05 07:42:54
1767598974,cotton_robe_top,3,125000,-1,2026-01-05 07:42:54
1767598974,cotton_robe_top,2,26000,-1,2026-01-05 07:42:54
1767598974,cotton_robe_top,1,49000,-1,2026-01-05 07:42:54
1767598974,cotton_robe_top,0,8400,7200,2026-01-05 07:42:54
1767598974,cotton_robe_bottoms,3,110000,-1,2026-01-05 07:42:54
1767598974,cotton_robe_bottoms,2,27000,-1,2026-01-05 07:42:54
1767598974,cotton_robe_bottoms,1,2400000,-1,2026-01-05 07:42:54
1767598974,cotton_robe_bottoms,0,9200,7800,2026-01-05 07:42:54
1767598974,cotton_hat,4,160000,-1,2026-01-05 07:42:54
1767598974,crimson_brush,10,7800000,-1,2026-01-05 07:42:54
1767598974,crimson_brush,0,260000,225000,2026-01-05 07:42:54
1767598974,crimson_boots,5,2500000,-1,2026-01-05 07:42:54
1767598974,crimson_boots,2,175000,-1,2026-01-05 07:42:54
1767598974,crimson_boots,1,160000,-1,2026-01-05 07:42:54
1767598974,crimson_boots,0,155000,145000,2026-01-05 07:42:54
1767598974,crimson_alembic,5,1450000,210000,2026-01-05 07:42:54
1767598974,crimson_alembic,2,480000,-1,2026-01-05 07:42:54
1767598974,crimson_alembic,0,265000,240000,2026-01-05 07:42:54
1767598974,crafting_tea,0,1050,980,2026-01-05 07:42:54
1767598974,crafting_essence,0,430,420,2026-01-05 07:42:54
1767598974,crafters_top,8,255000000,225000000,2026-01-05 07:42:54
1767598974,crafters_top,7,230000000,210000000,2026-01-05 07:42:54
1767598974,crafters_top,6,220000000,135000000,2026-01-05 07:42:54
1767598974,crafters_top,5,-1,185000000,2026-01-05 07:42:54
1767598974,crafters_top,4,200000000,105000000,2026-01-05 07:42:54
1767598974,crimson_enhancer,0,265000,250000,2026-01-05 07:42:54
1767598974,crimson_chisel,6,-1,265000,2026-01-05 07:42:54
1767598974,crimson_chisel,5,3500000,1000000,2026-01-05 07:42:54
1767598974,crimson_chisel,1,500000,-1,2026-01-05 07:42:54
1767598974,crimson_chisel,0,240000,230000,2026-01-05 07:42:54
1767598974,crimson_cheese,0,2100,2050,2026-01-05 07:42:54
1767598974,crimson_bulwark,5,1500000,-1,2026-01-05 07:42:54
1767598974,crimson_bulwark,2,780000,-1,2026-01-05 07:42:54
1767598974,crimson_bulwark,1,410000,-1,2026-01-05 07:42:54
1767598974,crimson_bulwark,0,265000,230000,2026-01-05 07:42:54
1767598974,crimson_buckler,0,220000,215000,2026-01-05 07:42:54
1767598974,crimson_brush,7,-1,660000,2026-01-05 07:42:54
1767598974,crimson_brush,6,-1,340000,2026-01-05 07:42:54
1767598974,crimson_brush,5,2050000,390000,2026-01-05 07:42:54
1767598974,crimson_brush,4,1100000,-1,2026-01-05 07:42:54
1767598974,crimson_brush,3,660000,-1,2026-01-05 07:42:54
1767598974,crimson_hammer,6,4000000,-1,2026-01-05 07:42:54
1767598974,crimson_hammer,5,1800000,390000,2026-01-05 07:42:54
1767598974,crimson_hammer,3,1100000,-1,2026-01-05 07:42:54
1767598974,crimson_hammer,2,980000,-1,2026-01-05 07:42:54
1767598974,crimson_hammer,1,270000,-1,2026-01-05 07:42:54
1767598974,crimson_hammer,0,240000,215000,2026-01-05 07:42:54
1767598974,crimson_gauntlets,6,620000,-1,2026-01-05 07:42:54
1767598974,crimson_gauntlets,2,48000000,-1,2026-01-05 07:42:54
1767598974,crimson_gauntlets,1,185000000,-1,2026-01-05 07:42:54
1767598974,crimson_gauntlets,0,160000,150000,2026-01-05 07:42:54
1767598974,crimson_enhancer,7,2000000,-1,2026-01-05 07:42:54
1767598974,crimson_enhancer,6,1600000,460000,2026-01-05 07:42:54
1767598974,crimson_enhancer,5,1500000,230000,2026-01-05 07:42:54
1767598974,crimson_enhancer,4,700000,-1,2026-01-05 07:42:54
1767598974,crimson_enhancer,3,380000,-1,2026-01-05 07:42:54
1767598974,crimson_enhancer,1,300000,-1,2026-01-05 07:42:54
1767598974,crimson_needle,2,295000,-1,2026-01-05 07:42:54
1767598974,crimson_needle,10,22000000,-1,2026-01-05 07:42:54
1767598974,crimson_needle,0,265000,235000,2026-01-05 07:42:54
1767598974,crimson_milk,0,520,500,2026-01-05 07:42:54
1767598974,crimson_mace,5,780000,-1,2026-01-05 07:42:54
1767598974,crimson_mace,4,300000,-1,2026-01-05 07:42:54
1767598974,crimson_mace,2,340000,-1,2026-01-05 07:42:54
1767598974,crimson_mace,0,310000,300000,2026-01-05 07:42:54
1767598974,crimson_helmet,0,190000,185000,2026-01-05 07:42:54
1767598974,crimson_hatchet,6,-1,390000,2026-01-05 07:42:54
1767598974,crimson_hatchet,5,1950000,270000,2026-01-05 07:42:54
1767598974,crimson_hatchet,3,560000,-1,2026-01-05 07:42:54
1767598974,crimson_hatchet,2,500000,-1,2026-01-05 07:42:54
1767598974,crimson_hatchet,10,16000000,-1,2026-01-05 07:42:54
1767598974,crimson_hatchet,1,470000,-1,2026-01-05 07:42:54
1767598974,crimson_hatchet,0,265000,240000,2026-01-05 07:42:54
1767598974,crimson_shears,2,490000,-1,2026-01-05 07:42:54
1767598974,crimson_shears,1,660000,-1,2026-01-05 07:42:54
1767598974,crimson_shears,0,255000,220000,2026-01-05 07:42:54
1767598974,crimson_pot,5,1800000,380000,2026-01-05 07:42:54
1767598974,crimson_pot,3,600000,-1,2026-01-05 07:42:54
1767598974,crimson_pot,2,380000,-1,2026-01-05 07:42:54
1767598974,crimson_pot,1,300000,-1,2026-01-05 07:42:54
1767598974,crimson_pot,0,240000,220000,2026-01-05 07:42:54
1767598974,crimson_plate_legs,3,600000,-1,2026-01-05 07:42:54
1767598974,crimson_plate_legs,2,660000,-1,2026-01-05 07:42:54
1767598974,crimson_plate_legs,0,260000,250000,2026-01-05 07:42:54
1767598974,crimson_plate_body,5,-1,400000,2026-01-05 07:42:54
1767598974,crimson_plate_body,2,250000,-1,2026-01-05 07:42:54
1767598974,crimson_plate_body,0,295000,275000,2026-01-05 07:42:54
1767598974,crimson_needle,5,780000,280000,2026-01-05 07:42:54
1767598974,crimson_needle,3,500000,-1,2026-01-05 07:42:54
1767598974,crimson_sword,5,960000,-1,2026-01-05 07:42:54
1767598974,crimson_sword,3,440000,-1,2026-01-05 07:42:54
1767598974,crimson_sword,2,1000000,-1,2026-01-05 07:42:54
1767598974,crimson_sword,1,290000,-1,2026-01-05 07:42:54
1767598974,crimson_sword,0,320000,310000,2026-01-05 07:42:54
1767598974,crimson_spear,5,1950000,-1,2026-01-05 07:42:54
1767598974,crimson_spear,3,3700000,-1,2026-01-05 07:42:54
1767598974,crimson_spear,1,1800000,-1,2026-01-05 07:42:54
1767598974,crimson_spear,0,310000,300000,2026-01-05 07:42:54
1767598974,crimson_spatula,5,1900000,370000,2026-01-05 07:42:54
1767598974,crimson_spatula,2,350000,-1,2026-01-05 07:42:54
1767598974,crimson_spatula,1,300000,-1,2026-01-05 07:42:54
1767598974,crimson_spatula,0,245000,235000,2026-01-05 07:42:54
1767598974,crimson_shears,6,3500000,175000,2026-01-05 07:42:54
1767598974,crimson_shears,5,1300000,390000,2026-01-05 07:42:54
1767598974,crimson_shears,3,450000,-1,2026-01-05 07:42:54
1767598974,cursed_bow,10,660000000,640000000,2026-01-05 07:42:54
1767598974,cursed_bow,1,-1,195000000,2026-01-05 07:42:54
1767598974,cursed_bow,0,265000000,245000000,2026-01-05 07:42:54
1767598974,cursed_ball,0,10500000,10000000,2026-01-05 07:42:54
1767598974,cupcake,0,460,290,2026-01-05 07:42:54
1767598974,crushed_sunstone,0,8000,7800,2026-01-05 07:42:54
1767598974,crushed_philosophers_stone,0,2200000,2150000,2026-01-05 07:42:54
1767598974,crushed_pearl,0,860,840,2026-01-05 07:42:54
1767598974,crushed_moonstone,0,3200,3100,2026-01-05 07:42:54
1767598974,crushed_jade,0,2200,2150,2026-01-05 07:42:54
1767598974,crushed_garnet,0,2200,2150,2026-01-05 07:42:54
1767598974,crushed_amethyst,0,2200,2150,2026-01-05 07:42:54
1767598974,crushed_amber,0,1400,1350,2026-01-05 07:42:54
1767598974,critical_coffee,0,5200,5000,2026-01-05 07:42:54
1767598974,critical_aura,0,2050000,2000000,2026-01-05 07:42:54
1767598974,crippling_slash,0,45000,43000,2026-01-05 07:42:54
1767598974,dairyhands_bottoms,12,1400000000,-1,2026-01-05 07:42:54
1767598974,dairyhands_bottoms,10,500000000,460000000,2026-01-05 07:42:54
1767598974,dairyhands_bottoms,0,-1,200000000,2026-01-05 07:42:54
1767598974,cursed_bow_refined,12,2850000000,2100000000,2026-01-05 07:42:54
1767598974,cursed_bow_refined,10,1500000000,1200000000,2026-01-05 07:42:54
1767598974,cursed_bow,9,-1,255000000,2026-01-05 07:42:54
1767598974,cursed_bow,8,360000000,295000000,2026-01-05 07:42:54
1767598974,cursed_bow,7,310000000,230000000,2026-01-05 07:42:54
1767598974,cursed_bow,6,-1,170000000,2026-01-05 07:42:54
1767598974,cursed_bow,5,-1,240000000,2026-01-05 07:42:54
1767598974,cursed_bow,4,-1,180000000,2026-01-05 07:42:54
1767598974,cursed_bow,3,-1,165000000,2026-01-05 07:42:54
1767598974,cursed_bow,2,-1,165000000,2026-01-05 07:42:54
1767598974,cursed_bow,13,4500000000,-1,2026-01-05 07:42:54
1767598974,cursed_bow,12,2000000000,1200000000,2026-01-05 07:42:54
1767598974,cursed_bow,11,1150000000,940000000,2026-01-05 07:42:54
1767598974,demonic_plate_body,2,-1,5800000,2026-01-05 07:42:54
1767598974,demonic_plate_body,11,140000000,-1,2026-01-05 07:42:54
1767598974,demonic_plate_body,10,78000000,50000000,2026-01-05 07:42:54
1767598974,demonic_plate_body,0,9000000,8600000,2026-01-05 07:42:54
1767598974,demonic_core,0,860000,840000,2026-01-05 07:42:54
1767598974,defense_coffee,0,1150,1100,2026-01-05 07:42:54
1767598974,dark_key_fragment,0,1750000,1700000,2026-01-05 07:42:54
1767598974,damaged_anchor,0,8000000,7800000,2026-01-05 07:42:54
1767598974,dairyhands_top,8,300000000,200000000,2026-01-05 07:42:54
1767598974,dairyhands_top,7,205000000,165000000,2026-01-05 07:42:54
1767598974,dairyhands_top,5,-1,160000000,2026-01-05 07:42:54
1767598974,dairyhands_top,10,400000000,380000000,2026-01-05 07:42:54
1767598974,dairyhands_top,0,-1,130000000,2026-01-05 07:42:54
1767598974,dairyhands_bottoms,8,310000000,-1,2026-01-05 07:42:54
1767598974,dairyhands_bottoms,7,285000000,215000000,2026-01-05 07:42:54
1767598974,dairyhands_bottoms,5,270000000,205000000,2026-01-05 07:42:54
1767598974,dodocamel_gauntlets,7,64000000,60000000,2026-01-05 07:42:54
1767598974,dodocamel_gauntlets,6,56000000,-1,2026-01-05 07:42:54
1767598974,dodocamel_gauntlets,5,50000000,47000000,2026-01-05 07:42:54
1767598974,dodocamel_gauntlets,12,1000000000,-1,2026-01-05 07:42:54
1767598974,dodocamel_gauntlets,10,260000000,250000000,2026-01-05 07:42:54
1767598974,dodocamel_gauntlets,1,50000000,27500000,2026-01-05 07:42:54
1767598974,dodocamel_gauntlets,0,48000000,46000000,2026-01-05 07:42:54
1767598974,demonic_plate_legs,8,-1,25500000,2026-01-05 07:42:54
1767598974,demonic_plate_legs,7,16500000,12000000,2026-01-05 07:42:54
1767598974,demonic_plate_legs,6,14500000,10500000,2026-01-05 07:42:54
1767598974,demonic_plate_legs,5,10000000,9000000,2026-01-05 07:42:54
1767598974,demonic_plate_legs,10,-1,50000000,2026-01-05 07:42:54
1767598974,demonic_plate_legs,0,7200000,6800000,2026-01-05 07:42:54
1767598974,demonic_plate_body,8,-1,21000000,2026-01-05 07:42:54
1767598974,demonic_plate_body,7,20500000,15500000,2026-01-05 07:42:54
1767598974,demonic_plate_body,5,12000000,11500000,2026-01-05 07:42:54
1767598974,earrings_of_armor,4,40000000,-1,2026-01-05 07:42:54
1767598974,earrings_of_armor,3,9800000,5000000,2026-01-05 07:42:54
1767598974,earrings_of_armor,1,8400000,-1,2026-01-05 07:42:54
1767598974,earrings_of_armor,0,7400000,6600000,2026-01-05 07:42:54
1767598974,dragon_fruit_yogurt,0,1850,1800,2026-01-05 07:42:54
1767598974,dragon_fruit_gummy,0,1500,1450,2026-01-05 07:42:54
1767598974,dragon_fruit,0,480,470,2026-01-05 07:42:54
1767598974,donut,0,115,82,2026-01-05 07:42:54
1767598974,dodocamel_plume,0,7000000,6800000,2026-01-05 07:42:54
1767598974,dodocamel_gauntlets_refined,8,350000000,-1,2026-01-05 07:42:54
1767598974,dodocamel_gauntlets_refined,7,100000000000,-1,2026-01-05 07:42:54
1767598974,dodocamel_gauntlets_refined,13,2150000000,-1,2026-01-05 07:42:54
1767598974,dodocamel_gauntlets_refined,12,1350000000,-1,2026-01-05 07:42:54
1767598974,dodocamel_gauntlets_refined,10,470000000,440000000,2026-01-05 07:42:54
1767598974,dodocamel_gauntlets,9,-1,90000000,2026-01-05 07:42:54
1767598974,dodocamel_gauntlets,8,94000000,86000000,2026-01-05 07:42:54
1767598974,earrings_of_rare_find,1,10000000,7600000,2026-01-05 07:42:54
1767598974,earrings_of_rare_find,0,7400000,7000000,2026-01-05 07:42:54
1767598974,earrings_of_gathering,2,15000000,7400000,2026-01-05 07:42:54
1767598974,earrings_of_gathering,10,-1,160000000,2026-01-05 07:42:54
1767598974,earrings_of_gathering,0,7200000,6800000,2026-01-05 07:42:54
1767598974,earrings_of_essence_find,6,-1,16000000,2026-01-05 07:42:54
1767598974,earrings_of_essence_find,4,40000000,-1,2026-01-05 07:42:54
1767598974,earrings_of_essence_find,3,18500000,-1,2026-01-05 07:42:54
1767598974,earrings_of_essence_find,0,7200000,7000000,2026-01-05 07:42:54
1767598974,earrings_of_critical_strike,5,54000000,50000000,2026-01-05 07:42:54
1767598974,earrings_of_critical_strike,4,31000000,25000000,2026-01-05 07:42:54
1767598974,earrings_of_critical_strike,3,15500000,14500000,2026-01-05 07:42:54
1767598974,earrings_of_critical_strike,2,11500000,9400000,2026-01-05 07:42:54
1767598974,earrings_of_critical_strike,1,-1,8200000,2026-01-05 07:42:54
1767598974,earrings_of_critical_strike,0,8600000,8200000,2026-01-05 07:42:54
1767598974,earrings_of_armor,5,60000000,23000000,2026-01-05 07:42:54
1767598974,earrings_of_regeneration,8,350000000,-1,2026-01-05 07:42:54
1767598974,earrings_of_regeneration,7,185000000,150000000,2026-01-05 07:42:54
1767598974,earrings_of_regeneration,6,88000000,60000000,2026-01-05 07:42:54
1767598974,earrings_of_regeneration,5,44000000,41000000,2026-01-05 07:42:54
1767598974,earrings_of_regeneration,4,23000000,19000000,2026-01-05 07:42:54
1767598974,earrings_of_regeneration,3,12000000,11500000,2026-01-05 07:42:54
1767598974,earrings_of_regeneration,2,9000000,6800000,2026-01-05 07:42:54
1767598974,earrings_of_regeneration,1,7200000,-1,2026-01-05 07:42:54
1767598974,earrings_of_regeneration,0,7200000,6400000,2026-01-05 07:42:54
1767598974,earrings_of_rare_find,7,230000000,175000000,2026-01-05 07:42:54
1767598974,earrings_of_rare_find,6,120000000,94000000,2026-01-05 07:42:54
1767598974,earrings_of_rare_find,5,66000000,62000000,2026-01-05 07:42:54
1767598974,earrings_of_rare_find,4,35000000,26000000,2026-01-05 07:42:54
1767598974,earrings_of_rare_find,3,18500000,16500000,2026-01-05 07:42:54
1767598974,earrings_of_rare_find,2,14500000,10500000,2026-01-05 07:42:54
1767598974,earrings_of_rare_find,10,-1,700000000,2026-01-05 07:42:54
1767598974,enchanted_gloves,12,265000000,200000000,2026-01-05 07:42:54
1767598974,enchanted_gloves,10,80000000,72000000,2026-01-05 07:42:54
1767598974,enchanted_gloves,0,9000000,8400000,2026-01-05 07:42:54
1767598974,enchanted_essence,0,1550,1500,2026-01-05 07:42:54
1767598974,enchanted_entry_key,0,780000,760000,2026-01-05 07:42:54
1767598974,enchanted_chest_key,0,5400000,5200000,2026-01-05 07:42:54
1767598974,emp_tea_leaf,0,86,84,2026-01-05 07:42:54
1767598974,elusiveness,0,96000,94000,2026-01-05 07:42:54
1767598974,elemental_affinity,0,190000,185000,2026-01-05 07:42:54
1767598974,egg,0,68,66,2026-01-05 07:42:54
1767598974,efficiency_tea,0,2000,1950,2026-01-05 07:42:54
1767598974,earrings_of_resistance,5,240000000,-1,2026-01-05 07:42:54
1767598974,earrings_of_resistance,3,115000000,10000000,2026-01-05 07:42:54
1767598974,earrings_of_resistance,2,8000000,-1,2026-01-05 07:42:54
1767598974,earrings_of_resistance,1,7800000,-1,2026-01-05 07:42:54
1767598974,earrings_of_resistance,0,7400000,7000000,2026-01-05 07:42:54
1767598974,enhancers_top,5,310000000,265000000,2026-01-05 07:42:54
1767598974,enhancers_top,12,-1,39000000,2026-01-05 07:42:54
1767598974,enhancers_top,10,680000000,520000000,2026-01-05 07:42:54
1767598974,enhancers_top,0,300000000,245000000,2026-01-05 07:42:54
1767598974,enhancers_bottoms,8,540000000,-1,2026-01-05 07:42:54
1767598974,enhancers_bottoms,7,420000000,-1,2026-01-05 07:42:54
1767598974,enhancers_bottoms,6,400000000,-1,2026-01-05 07:42:54
1767598974,enhancers_bottoms,5,390000000,285000000,2026-01-05 07:42:54
1767598974,enhancers_bottoms,12,-1,56000000,2026-01-05 07:42:54
1767598974,enhancers_bottoms,10,740000000,660000000,2026-01-05 07:42:54
1767598974,enhancers_bottoms,0,-1,140000000,2026-01-05 07:42:54
1767598974,enchanted_refinement_shard,0,4000000,3900000,2026-01-05 07:42:54
1767598974,enchanted_gloves,8,35000000,-1,2026-01-05 07:42:54
1767598974,enchanted_gloves,7,20000000,17000000,2026-01-05 07:42:54
1767598974,enchanted_gloves,6,19500000,-1,2026-01-05 07:42:54
1767598974,enchanted_gloves,5,11500000,11000000,2026-01-05 07:42:54
1767598974,expert_attack_charm,8,660000000,-1,2026-01-05 07:42:54
1767598974,expert_attack_charm,7,420000000,-1,2026-01-05 07:42:54
1767598974,expert_attack_charm,6,295000000,-1,2026-01-05 07:42:54
1767598974,expert_attack_charm,5,200000000,175000000,2026-01-05 07:42:54
1767598974,expert_attack_charm,3,70000000,66000000,2026-01-05 07:42:54
1767598974,expert_attack_charm,2,-1,48000000,2026-01-05 07:42:54
1767598974,expert_attack_charm,1,-1,44000000,2026-01-05 07:42:54
1767598974,expert_attack_charm,0,47000000,43000000,2026-01-05 07:42:54
1767598974,expert_alchemy_charm,5,340000000,210000000,2026-01-05 07:42:54
1767598974,expert_alchemy_charm,0,300000000,105000000,2026-01-05 07:42:54
1767598974,excelsa_coffee_bean,0,1050,1000,2026-01-05 07:42:54
1767598974,entangle,0,26500,26000,2026-01-05 07:42:54
1767598974,enhancing_tea,0,1700,1600,2026-01-05 07:42:54
1767598974,enhancing_essence,0,1150,1100,2026-01-05 07:42:54
1767598974,enhancers_top,7,400000000,310000000,2026-01-05 07:42:54
1767598974,enhancers_top,6,320000000,-1,2026-01-05 07:42:54
1767598974,expert_defense_charm,0,43000000,38000000,2026-01-05 07:42:54
1767598974,expert_crafting_charm,5,340000000,-1,2026-01-05 07:42:54
1767598974,expert_crafting_charm,3,240000000,185000000,2026-01-05 07:42:54
1767598974,expert_crafting_charm,1,200000000,100000000,2026-01-05 07:42:54
1767598974,expert_crafting_charm,0,200000000,-1,2026-01-05 07:42:54
1767598974,expert_cooking_charm,5,275000000,250000000,2026-01-05 07:42:54
1767598974,expert_cooking_charm,4,265000000,130000000,2026-01-05 07:42:54
1767598974,expert_cooking_charm,3,200000000,100000000,2026-01-05 07:42:54
1767598974,expert_cooking_charm,0,135000000,92000000,2026-01-05 07:42:54
1767598974,expert_cheesesmithing_charm,5,410000000,310000000,2026-01-05 07:42:54
1767598974,expert_cheesesmithing_charm,4,340000000,-1,2026-01-05 07:42:54
1767598974,expert_cheesesmithing_charm,3,340000000,-1,2026-01-05 07:42:54
1767598974,expert_cheesesmithing_charm,0,210000000,150000000,2026-01-05 07:42:54
1767598974,expert_brewing_charm,5,300000000,200000000,2026-01-05 07:42:54
1767598974,expert_brewing_charm,1,170000000,70000000,2026-01-05 07:42:54
1767598974,expert_brewing_charm,0,-1,70000000,2026-01-05 07:42:54
1767598974,expert_magic_charm,5,180000000,170000000,2026-01-05 07:42:54
1767598974,expert_magic_charm,3,72000000,68000000,2026-01-05 07:42:54
1767598974,expert_magic_charm,2,58000000,-1,2026-01-05 07:42:54
1767598974,expert_magic_charm,0,46000000,43000000,2026-01-05 07:42:54
1767598974,expert_intelligence_charm,5,175000000,170000000,2026-01-05 07:42:54
1767598974,expert_intelligence_charm,4,-1,78000000,2026-01-05 07:42:54
1767598974,expert_intelligence_charm,3,72000000,66000000,2026-01-05 07:42:54
1767598974,expert_intelligence_charm,0,-1,39000000,2026-01-05 07:42:54
1767598974,expert_foraging_charm,6,490000000,350000000,2026-01-05 07:42:54
1767598974,expert_foraging_charm,5,320000000,285000000,2026-01-05 07:42:54
1767598974,expert_foraging_charm,3,-1,110000000,2026-01-05 07:42:54
1767598974,expert_foraging_charm,0,145000000,-1,2026-01-05 07:42:54
1767598974,expert_enhancing_charm,0,560000000,340000000,2026-01-05 07:42:54
1767598974,expert_defense_charm,5,180000000,165000000,2026-01-05 07:42:54
1767598974,expert_defense_charm,4,120000000,76000000,2026-01-05 07:42:54
1767598974,expert_defense_charm,3,70000000,64000000,2026-01-05 07:42:54
1767598974,expert_stamina_charm,3,86000000,84000000,2026-01-05 07:42:54
1767598974,expert_stamina_charm,2,-1,52000000,2026-01-05 07:42:54
1767598974,expert_stamina_charm,0,-1,40000000,2026-01-05 07:42:54
1767598974,expert_ranged_charm,5,160000000,150000000,2026-01-05 07:42:54
1767598974,expert_ranged_charm,4,130000000,50000000,2026-01-05 07:42:54
1767598974,expert_ranged_charm,3,68000000,44000000,2026-01-05 07:42:54
1767598974,expert_ranged_charm,0,45000000,39000000,2026-01-05 07:42:54
1767598974,expert_milking_charm,5,295000000,250000000,2026-01-05 07:42:54
1767598974,expert_milking_charm,0,140000000,105000000,2026-01-05 07:42:54
1767598974,expert_melee_charm,7,380000000,320000000,2026-01-05 07:42:54
1767598974,expert_melee_charm,6,250000000,-1,2026-01-05 07:42:54
1767598974,expert_melee_charm,5,180000000,160000000,2026-01-05 07:42:54
1767598974,expert_melee_charm,3,72000000,64000000,2026-01-05 07:42:54
1767598974,expert_melee_charm,2,58000000,-1,2026-01-05 07:42:54
1767598974,expert_melee_charm,0,43000000,40000000,2026-01-05 07:42:54
1767598974,expert_magic_charm,6,330000000,-1,2026-01-05 07:42:54
1767598974,eye_watch,7,21000000,16000000,2026-01-05 07:42:54
1767598974,eye_watch,6,15500000,11000000,2026-01-05 07:42:54
1767598974,eye_watch,5,12000000,10000000,2026-01-05 07:42:54
1767598974,eye_watch,3,-1,6000000,2026-01-05 07:42:54
1767598974,eye_watch,2,10000000,5200000,2026-01-05 07:42:54
1767598974,eye_watch,12,-1,200000000,2026-01-05 07:42:54
1767598974,eye_watch,10,82000000,80000000,2026-01-05 07:42:54
1767598974,eye_watch,1,-1,4800000,2026-01-05 07:42:54
1767598974,eye_watch,0,8400000,7800000,2026-01-05 07:42:54
1767598974,eye_of_the_watcher,0,800000,780000,2026-01-05 07:42:54
1767598974,expert_woodcutting_charm,5,295000000,220000000,2026-01-05 07:42:54
1767598974,expert_woodcutting_charm,0,180000000,100000000,2026-01-05 07:42:54
1767598974,expert_tailoring_charm,5,275000000,200000000,2026-01-05 07:42:54
1767598974,expert_stamina_charm,7,400000000,-1,2026-01-05 07:42:54
1767598974,expert_stamina_charm,6,280000000,-1,2026-01-05 07:42:54
1767598974,expert_stamina_charm,5,195000000,185000000,2026-01-05 07:42:54
1767598974,flaming_robe_bottoms,13,49000000,-1,2026-01-05 07:42:54
1767598974,flaming_robe_bottoms,10,7800000,6000000,2026-01-05 07:42:54
1767598974,flaming_robe_bottoms,0,245000,205000,2026-01-05 07:42:54
1767598974,flaming_cloth,0,58000,56000,2026-01-05 07:42:54
1767598974,flame_blast,0,36000,35000,2026-01-05 07:42:54
1767598974,flame_arrow,0,35000,34000,2026-01-05 07:42:54
1767598974,firestorm,0,175000,170000,2026-01-05 07:42:54
1767598974,fireball,0,7000,6800,2026-01-05 07:42:54
1767598974,fighter_necklace,5,105000000,50000000,2026-01-05 07:42:54
1767598974,fighter_necklace,4,88000000,24500000,2026-01-05 07:42:54
1767598974,fighter_necklace,1,12000000,-1,2026-01-05 07:42:54
1767598974,fighter_necklace,0,12000000,11000000,2026-01-05 07:42:54
1767598974,fieriosa_coffee_bean,0,1250,1200,2026-01-05 07:42:54
1767598974,fierce_aura,0,2550000,2500000,2026-01-05 07:42:54
1767598974,eyessence,0,38,37,2026-01-05 07:42:54
1767598974,eye_watch,8,36000000,30000000,2026-01-05 07:42:54
1767598974,fluffy_red_hat,6,11000000,8800000,2026-01-05 07:42:54
1767598974,fluffy_red_hat,5,8600000,5600000,2026-01-05 07:42:54
1767598974,fluffy_red_hat,10,46000000,44000000,2026-01-05 07:42:54
1767598974,fluffy_red_hat,1,6200000,620000,2026-01-05 07:42:54
1767598974,fluffy_red_hat,0,5800000,5600000,2026-01-05 07:42:54
1767598974,flax,0,145,135,2026-01-05 07:42:54
1767598974,flaming_robe_top,8,350000000,-1,2026-01-05 07:42:54
1767598974,flaming_robe_top,7,-1,580000,2026-01-05 07:42:54
1767598974,flaming_robe_top,5,740000,290000,2026-01-05 07:42:54
1767598974,flaming_robe_top,4,2400000,-1,2026-01-05 07:42:54
1767598974,flaming_robe_top,14,115000000,-1,2026-01-05 07:42:54
1767598974,flaming_robe_top,10,8000000,6200000,2026-01-05 07:42:54
1767598974,flaming_robe_top,0,310000,300000,2026-01-05 07:42:54
1767598974,flaming_robe_bottoms,5,960000,105000,2026-01-05 07:42:54
1767598974,flaming_robe_bottoms,4,960000,-1,2026-01-05 07:42:54
1767598974,flaming_robe_bottoms,3,600000,-1,2026-01-05 07:42:54
1767598974,foraging_tea,0,820,740,2026-01-05 07:42:54
1767598974,foraging_essence,0,320,310,2026-01-05 07:42:54
1767598974,foragers_top,8,240000000,220000000,2026-01-05 07:42:54
1767598974,foragers_top,7,210000000,190000000,2026-01-05 07:42:54
1767598974,foragers_top,5,190000000,165000000,2026-01-05 07:42:54
1767598974,foragers_top,12,1400000000,-1,2026-01-05 07:42:54
1767598974,foragers_top,10,420000000,390000000,2026-01-05 07:42:54
1767598974,foragers_top,0,-1,130000000,2026-01-05 07:42:54
1767598974,foragers_bottoms,8,320000000,290000000,2026-01-05 07:42:54
1767598974,foragers_bottoms,7,285000000,255000000,2026-01-05 07:42:54
1767598974,foragers_bottoms,12,1400000000,1300000000,2026-01-05 07:42:54
1767598974,foragers_bottoms,10,490000000,450000000,2026-01-05 07:42:54
1767598974,foragers_bottoms,0,-1,210000000,2026-01-05 07:42:54
1767598974,fluffy_red_hat,9,-1,18500000,2026-01-05 07:42:54
1767598974,fluffy_red_hat,8,19000000,10000000,2026-01-05 07:42:54
1767598974,fluffy_red_hat,7,12000000,11000000,2026-01-05 07:42:54
1767598974,furious_spear,11,1100000000,1000000000,2026-01-05 07:42:54
1767598974,furious_spear,10,660000000,620000000,2026-01-05 07:42:54
1767598974,furious_spear,1,-1,200000000,2026-01-05 07:42:54
1767598974,furious_spear,0,265000000,255000000,2026-01-05 07:42:54
1767598974,frost_surge,0,350000,340000,2026-01-05 07:42:54
1767598974,frost_staff,8,30000000,18000000,2026-01-05 07:42:54
1767598974,frost_staff,7,21000000,15000000,2026-01-05 07:42:54
1767598974,frost_staff,6,15000000,-1,2026-01-05 07:42:54
1767598974,frost_staff,5,11500000,9200000,2026-01-05 07:42:54
1767598974,frost_staff,4,21000000,-1,2026-01-05 07:42:54
1767598974,frost_staff,11,140000000,-1,2026-01-05 07:42:54
1767598974,frost_staff,10,45000000,35000000,2026-01-05 07:42:54
1767598974,frost_staff,0,12500000,10500000,2026-01-05 07:42:54
1767598974,frost_sphere,0,560000,540000,2026-01-05 07:42:54
1767598974,frenzy,0,490000,480000,2026-01-05 07:42:54
1767598974,fracturing_impact,0,46000,45000,2026-01-05 07:42:54
1767598974,gathering_tea,0,840,820,2026-01-05 07:42:54
1767598974,garnet,0,35000,34000,2026-01-05 07:42:54
1767598974,furious_spear_refined,14,-1,31000000,2026-01-05 07:42:54
1767598974,furious_spear_refined,12,3200000000,2600000000,2026-01-05 07:42:54
1767598974,furious_spear_refined,10,1800000000,1600000000,2026-01-05 07:42:54
1767598974,furious_spear_refined,0,-1,30000000,2026-01-05 07:42:54
1767598974,furious_spear,9,-1,285000000,2026-01-05 07:42:54
1767598974,furious_spear,8,390000000,310000000,2026-01-05 07:42:54
1767598974,furious_spear,7,320000000,275000000,2026-01-05 07:42:54
1767598974,furious_spear,6,-1,200000000,2026-01-05 07:42:54
1767598974,furious_spear,5,-1,260000000,2026-01-05 07:42:54
1767598974,furious_spear,4,-1,180000000,2026-01-05 07:42:54
1767598974,furious_spear,3,-1,170000000,2026-01-05 07:42:54
1767598974,furious_spear,2,-1,190000000,2026-01-05 07:42:54
1767598974,furious_spear,14,-1,16500000,2026-01-05 07:42:54
1767598974,furious_spear,12,2000000000,1750000000,2026-01-05 07:42:54
1767598974,giant_pouch,1,7800000,5600000,2026-01-05 07:42:54
1767598974,giant_pouch,0,7600000,7400000,2026-01-05 07:42:54
1767598974,gator_vest,9,3600000,480000,2026-01-05 07:42:54
1767598974,gator_vest,8,1000000,255000,2026-01-05 07:42:54
1767598974,gator_vest,7,175000,130000,2026-01-05 07:42:54
1767598974,gator_vest,6,98000,70000,2026-01-05 07:42:54
1767598974,gator_vest,5,90000,22500,2026-01-05 07:42:54
1767598974,gator_vest,4,50000,16000,2026-01-05 07:42:54
1767598974,gator_vest,3,40000,16000,2026-01-05 07:42:54
1767598974,gator_vest,20,-1,10000000,2026-01-05 07:42:54
1767598974,gator_vest,2,46000,16000,2026-01-05 07:42:54
1767598974,gator_vest,12,9000000,-1,2026-01-05 07:42:54
1767598974,gator_vest,11,3500000,2000000,2026-01-05 07:42:54
1767598974,gator_vest,10,2250000,1900000,2026-01-05 07:42:54
1767598974,gator_vest,1,62000,16000,2026-01-05 07:42:54
1767598974,gator_vest,0,28500,27000,2026-01-05 07:42:54
1767598974,ginkgo_crossbow,5,1800000,-1,2026-01-05 07:42:54
1767598974,ginkgo_crossbow,4,880000,-1,2026-01-05 07:42:54
1767598974,ginkgo_crossbow,3,490000,-1,2026-01-05 07:42:54
1767598974,ginkgo_crossbow,10,25000000,-1,2026-01-05 07:42:54
1767598974,ginkgo_crossbow,0,350000,320000,2026-01-05 07:42:54
1767598974,ginkgo_bow,5,1700000,-1,2026-01-05 07:42:54
1767598974,ginkgo_bow,4,6600000,-1,2026-01-05 07:42:54
1767598974,ginkgo_bow,2,960000,-1,2026-01-05 07:42:54
1767598974,ginkgo_bow,1,490000,-1,2026-01-05 07:42:54
1767598974,ginkgo_bow,0,420000,410000,2026-01-05 07:42:54
1767598974,giant_pouch,6,23000000,-1,2026-01-05 07:42:54
1767598974,giant_pouch,5,11500000,9800000,2026-01-05 07:42:54
1767598974,giant_pouch,4,10000000,7200000,2026-01-05 07:42:54
1767598974,giant_pouch,3,9800000,6600000,2026-01-05 07:42:54
1767598974,giant_pouch,2,7600000,5600000,2026-01-05 07:42:54
1767598974,giant_pouch,10,-1,90000000,2026-01-05 07:42:54
1767598974,gluttonous_pouch,5,275000000,-1,2026-01-05 07:42:54
1767598974,gluttonous_pouch,0,230000000,98000000,2026-01-05 07:42:54
1767598974,gluttonous_energy,0,16500000,13000000,2026-01-05 07:42:54
1767598974,ginkgo_water_staff,5,2000000,-1,2026-01-05 07:42:54
1767598974,ginkgo_water_staff,3,800000,-1,2026-01-05 07:42:54
1767598974,ginkgo_water_staff,0,360000,350000,2026-01-05 07:42:54
1767598974,ginkgo_shield,2,350000,-1,2026-01-05 07:42:54
1767598974,ginkgo_shield,0,185000,175000,2026-01-05 07:42:54
1767598974,ginkgo_nature_staff,0,360000,350000,2026-01-05 07:42:54
1767598974,ginkgo_lumber,0,2450,2400,2026-01-05 07:42:54
1767598974,ginkgo_log,0,560,490,2026-01-05 07:42:54
1767598974,ginkgo_fire_staff,6,1450000,-1,2026-01-05 07:42:54
1767598974,ginkgo_fire_staff,5,1100000,-1,2026-01-05 07:42:54
1767598974,ginkgo_fire_staff,0,360000,350000,2026-01-05 07:42:54
1767598974,ginkgo_crossbow,7,10000000,-1,2026-01-05 07:42:54
1767598974,ginkgo_crossbow,6,4500000,-1,2026-01-05 07:42:54
1767598974,gobo_chaps,3,2200000,-1,2026-01-05 07:42:54
1767598974,gobo_chaps,0,105000,90000,2026-01-05 07:42:54
1767598974,gobo_bracers,6,500000,-1,2026-01-05 07:42:54
1767598974,gobo_bracers,5,5000000,-1,2026-01-05 07:42:54
1767598974,gobo_bracers,3,440000,-1,2026-01-05 07:42:54
1767598974,gobo_bracers,0,66000,54000,2026-01-05 07:42:54
1767598974,gobo_boots,5,320000,-1,2026-01-05 07:42:54
1767598974,gobo_boots,0,54000,50000,2026-01-05 07:42:54
1767598974,gobo_boomstick,8,5600000,-1,2026-01-05 07:42:54
1767598974,gobo_boomstick,7,1500000,-1,2026-01-05 07:42:54
1767598974,gobo_boomstick,6,800000,-1,2026-01-05 07:42:54
1767598974,gobo_boomstick,5,-1,160000,2026-01-05 07:42:54
1767598974,gobo_boomstick,3,140000,-1,2026-01-05 07:42:54
1767598974,gobo_boomstick,2,110000,-1,2026-01-05 07:42:54
1767598974,gobo_boomstick,10,-1,1500000,2026-01-05 07:42:54
1767598974,gobo_boomstick,0,80000,78000,2026-01-05 07:42:54
1767598974,gobo_hood,2,780000,-1,2026-01-05 07:42:54
1767598974,gobo_hood,0,68000,66000,2026-01-05 07:42:54
1767598974,gobo_hide,0,28,26,2026-01-05 07:42:54
1767598974,gobo_essence,0,110,105,2026-01-05 07:42:54
1767598974,gobo_defender,8,3000000,-1,2026-01-05 07:42:54
1767598974,gobo_defender,7,980000,680000,2026-01-05 07:42:54
1767598974,gobo_defender,6,700000,450000,2026-01-05 07:42:54
1767598974,gobo_defender,5,480000,410000,2026-01-05 07:42:54
1767598974,gobo_defender,4,500000,310000,2026-01-05 07:42:54
1767598974,gobo_defender,3,540000,310000,2026-01-05 07:42:54
1767598974,gobo_defender,20,-1,1750000,2026-01-05 07:42:54
1767598974,gobo_defender,2,480000,310000,2026-01-05 07:42:54
1767598974,gobo_defender,10,7400000,6200000,2026-01-05 07:42:54
1767598974,gobo_defender,1,450000,310000,2026-01-05 07:42:54
1767598974,gobo_defender,0,420000,410000,2026-01-05 07:42:54
1767598974,gobo_chaps,5,560000,-1,2026-01-05 07:42:54
1767598974,gobo_slasher,2,98000,-1,2026-01-05 07:42:54
1767598974,gobo_slasher,10,6000000,2000000,2026-01-05 07:42:54
1767598974,gobo_slasher,1,88000,-1,2026-01-05 07:42:54
1767598974,gobo_slasher,0,80000,78000,2026-01-05 07:42:54
1767598974,gobo_shooter,8,4800000,-1,2026-01-05 07:42:54
1767598974,gobo_shooter,7,400000,-1,2026-01-05 07:42:54
1767598974,gobo_shooter,6,220000,-1,2026-01-05 07:42:54
1767598974,gobo_shooter,5,130000,28500,2026-01-05 07:42:54
1767598974,gobo_shooter,3,88000,-1,2026-01-05 07:42:54
1767598974,gobo_shooter,2,115000,-1,2026-01-05 07:42:54
1767598974,gobo_shooter,10,5800000,2000000,2026-01-05 07:42:54
1767598974,gobo_shooter,1,98000,-1,2026-01-05 07:42:54
1767598974,gobo_shooter,0,80000,78000,2026-01-05 07:42:54
1767598974,gobo_rag,0,490000,480000,2026-01-05 07:42:54
1767598974,gobo_leather,0,1200,1150,2026-01-05 07:42:54
1767598974,gobo_hood,3,280000,-1,2026-01-05 07:42:54
1767598974,gobo_stabber,1,720000,-1,2026-01-05 07:42:54
1767598974,gobo_stabber,0,80000,78000,2026-01-05 07:42:54
1767598974,gobo_smasher,7,1800000,-1,2026-01-05 07:42:54
1767598974,gobo_smasher,6,400000,-1,2026-01-05 07:42:54
1767598974,gobo_smasher,5,150000,28500,2026-01-05 07:42:54
1767598974,gobo_smasher,4,180000,-1,2026-01-05 07:42:54
1767598974,gobo_smasher,3,140000,-1,2026-01-05 07:42:54
1767598974,gobo_smasher,20,-1,20000,2026-01-05 07:42:54
1767598974,gobo_smasher,2,110000,-1,2026-01-05 07:42:54
1767598974,gobo_smasher,10,29000000,-1,2026-01-05 07:42:54
1767598974,gobo_smasher,0,80000,78000,2026-01-05 07:42:54
1767598974,gobo_slasher,8,4000000,760000,2026-01-05 07:42:54
1767598974,gobo_slasher,7,1000000,-1,2026-01-05 07:42:54
1767598974,gobo_slasher,6,540000,-1,2026-01-05 07:42:54
1767598974,gobo_slasher,5,200000,28000,2026-01-05 07:42:54
1767598974,gobo_slasher,3,84000,-1,2026-01-05 07:42:54
1767598974,grandmaster_attack_charm,5,960000000,-1,2026-01-05 07:42:54
1767598974,grandmaster_attack_charm,0,620000000,-1,2026-01-05 07:42:54
1767598974,grandmaster_alchemy_charm,0,-1,10500000,2026-01-05 07:42:54
1767598974,gourmet_tea,0,1150,1050,2026-01-05 07:42:54
1767598974,golem_essence,0,250,240,2026-01-05 07:42:54
1767598974,goggles,0,560000,540000,2026-01-05 07:42:54
1767598974,gobo_tunic,8,5800000,-1,2026-01-05 07:42:54
1767598974,gobo_tunic,7,3100000,-1,2026-01-05 07:42:54
1767598974,gobo_tunic,1,190000,-1,2026-01-05 07:42:54
1767598974,gobo_tunic,0,110000,98000,2026-01-05 07:42:54
1767598974,gobo_stabber,7,780000,-1,2026-01-05 07:42:54
1767598974,gobo_stabber,6,295000,-1,2026-01-05 07:42:54
1767598974,gobo_stabber,5,160000,80000,2026-01-05 07:42:54
1767598974,gobo_stabber,4,210000,28500,2026-01-05 07:42:54
1767598974,gobo_stabber,3,200000,-1,2026-01-05 07:42:54
1767598974,gobo_stabber,10,13500000,-1,2026-01-05 07:42:54
1767598974,grandmaster_ranged_charm,8,2600000000,-1,2026-01-05 07:42:54
1767598974,grandmaster_ranged_charm,7,1750000000,-1,2026-01-05 07:42:54
1767598974,grandmaster_milking_charm,5,-1,1800000000,2026-01-05 07:42:54
1767598974,grandmaster_melee_charm,5,1050000000,-1,2026-01-05 07:42:54
1767598974,grandmaster_melee_charm,10,-1,5400000000,2026-01-05 07:42:54
1767598974,grandmaster_magic_charm,7,1700000000,1600000000,2026-01-05 07:42:54
1767598974,grandmaster_magic_charm,5,1000000000,940000000,2026-01-05 07:42:54
1767598974,grandmaster_magic_charm,0,620000000,-1,2026-01-05 07:42:54
1767598974,grandmaster_intelligence_charm,5,-1,21000000,2026-01-05 07:42:54
1767598974,grandmaster_foraging_charm,5,-1,1750000000,2026-01-05 07:42:54
1767598974,grandmaster_enhancing_charm,0,-1,10500000,2026-01-05 07:42:54
1767598974,grandmaster_defense_charm,5,1200000000,-1,2026-01-05 07:42:54
1767598974,grandmaster_defense_charm,3,580000000,400000000,2026-01-05 07:42:54
1767598974,grandmaster_cooking_charm,7,4000000000,-1,2026-01-05 07:42:54
1767598974,grandmaster_brewing_charm,5,-1,360000000,2026-01-05 07:42:54
1767598974,grandmaster_attack_charm,7,1650000000,-1,2026-01-05 07:42:54
1767598974,griffin_bulwark_refined,0,880000000,-1,2026-01-05 07:42:54
1767598974,griffin_bulwark,8,390000000,220000000,2026-01-05 07:42:54
1767598974,griffin_bulwark,7,270000000,210000000,2026-01-05 07:42:54
1767598974,griffin_bulwark,5,225000000,185000000,2026-01-05 07:42:54
1767598974,griffin_bulwark,12,1650000000,-1,2026-01-05 07:42:54
1767598974,griffin_bulwark,10,580000000,540000000,2026-01-05 07:42:54
1767598974,griffin_bulwark,0,220000000,210000000,2026-01-05 07:42:54
1767598974,green_tea_leaf,0,17,16,2026-01-05 07:42:54
1767598974,green_key_fragment,0,660000,640000,2026-01-05 07:42:54
1767598974,granite_bludgeon,8,-1,17000000,2026-01-05 07:42:54
1767598974,granite_bludgeon,7,19000000,12000000,2026-01-05 07:42:54
1767598974,granite_bludgeon,6,16500000,-1,2026-01-05 07:42:54
1767598974,granite_bludgeon,5,12000000,11000000,2026-01-05 07:42:54
1767598974,granite_bludgeon,10,82000000,47000000,2026-01-05 07:42:54
1767598974,granite_bludgeon,0,12500000,10500000,2026-01-05 07:42:54
1767598974,grandmaster_tailoring_charm,5,-1,600000000,2026-01-05 07:42:54
1767598974,griffin_tunic,7,42000000,15000000,2026-01-05 07:42:54
1767598974,griffin_tunic,6,-1,11500000,2026-01-05 07:42:54
1767598974,griffin_tunic,5,16000000,8400000,2026-01-05 07:42:54
1767598974,griffin_tunic,4,16500000,-1,2026-01-05 07:42:54
1767598974,griffin_tunic,10,90000000,30000000,2026-01-05 07:42:54
1767598974,griffin_tunic,0,14500000,14000000,2026-01-05 07:42:54
1767598974,griffin_talon,0,7400000,7000000,2026-01-05 07:42:54
1767598974,griffin_leather,0,1550000,1500000,2026-01-05 07:42:54
1767598974,griffin_chaps,8,25000000,-1,2026-01-05 07:42:54
1767598974,griffin_chaps,7,20500000,-1,2026-01-05 07:42:54
1767598974,griffin_chaps,5,13000000,7600000,2026-01-05 07:42:54
1767598974,griffin_chaps,10,86000000,21500000,2026-01-05 07:42:54
1767598974,griffin_chaps,0,12500000,11000000,2026-01-05 07:42:54
1767598974,griffin_bulwark_refined,20,-1,500000000,2026-01-05 07:42:54
1767598974,griffin_bulwark_refined,12,2300000000,2000000000,2026-01-05 07:42:54
1767598974,griffin_bulwark_refined,10,1200000000,700000000,2026-01-05 07:42:54
1767598974,guardian_aura,0,1250000,1200000,2026-01-05 07:42:54
1767598974,grizzly_bear_shoes,9,6400000,-1,2026-01-05 07:42:54
1767598974,grizzly_bear_shoes,8,6000000,-1,2026-01-05 07:42:54
1767598974,grizzly_bear_shoes,7,2150000,-1,2026-01-05 07:42:54
1767598974,grizzly_bear_shoes,6,1000000,700000,2026-01-05 07:42:54
1767598974,grizzly_bear_shoes,5,680000,-1,2026-01-05 07:42:54
1767598974,grizzly_bear_shoes,3,560000,-1,2026-01-05 07:42:54
1767598974,grizzly_bear_shoes,2,470000,-1,2026-01-05 07:42:54
1767598974,grizzly_bear_shoes,17,1000000000,-1,2026-01-05 07:42:54
1767598974,grizzly_bear_shoes,14,150000000,130000000,2026-01-05 07:42:54
1767598974,grizzly_bear_shoes,12,34000000,21000000,2026-01-05 07:42:54
1767598974,grizzly_bear_shoes,11,20000000,-1,2026-01-05 07:42:54
1767598974,grizzly_bear_shoes,10,8600000,8400000,2026-01-05 07:42:54
1767598974,grizzly_bear_shoes,0,420000,370000,2026-01-05 07:42:54
1767598974,grizzly_bear_fluff,0,56000,54000,2026-01-05 07:42:54
1767598974,griffin_tunic,8,54000000,21000000,2026-01-05 07:42:54
1767598974,holy_alembic,1,1100000,680000,2026-01-05 07:42:54
1767598974,holy_alembic,0,860000,800000,2026-01-05 07:42:54
1767598974,heal,0,35000,34000,2026-01-05 07:42:54
1767598974,guzzling_pouch,9,980000000,640000000,2026-01-05 07:42:54
1767598974,guzzling_pouch,8,560000000,520000000,2026-01-05 07:42:54
1767598974,guzzling_pouch,7,420000000,410000000,2026-01-05 07:42:54
1767598974,guzzling_pouch,6,360000000,340000000,2026-01-05 07:42:54
1767598974,guzzling_pouch,5,320000000,300000000,2026-01-05 07:42:54
1767598974,guzzling_pouch,4,330000000,-1,2026-01-05 07:42:54
1767598974,guzzling_pouch,20,-1,12000000,2026-01-05 07:42:54
1767598974,guzzling_pouch,12,3200000000,-1,2026-01-05 07:42:54
1767598974,guzzling_pouch,11,1900000000,35000000,2026-01-05 07:42:54
1767598974,guzzling_pouch,10,1150000000,1050000000,2026-01-05 07:42:54
1767598974,guzzling_pouch,0,310000000,285000000,2026-01-05 07:42:54
1767598974,guzzling_energy,0,25000000,24500000,2026-01-05 07:42:54
1767598974,gummy,0,78,62,2026-01-05 07:42:54
1767598974,holy_boots,9,-1,12000000,2026-01-05 07:42:54
1767598974,holy_boots,4,2800000,-1,2026-01-05 07:42:54
1767598974,holy_boots,3,2200000,-1,2026-01-05 07:42:54
1767598974,holy_boots,11,-1,20000000,2026-01-05 07:42:54
1767598974,holy_boots,10,36000000,-1,2026-01-05 07:42:54
1767598974,holy_boots,1,1450000,-1,2026-01-05 07:42:54
1767598974,holy_boots,0,380000,360000,2026-01-05 07:42:54
1767598974,holy_alembic,9,-1,35000000,2026-01-05 07:42:54
1767598974,holy_alembic,8,29500000,23000000,2026-01-05 07:42:54
1767598974,holy_alembic,7,14500000,12000000,2026-01-05 07:42:54
1767598974,holy_alembic,6,7000000,-1,2026-01-05 07:42:54
1767598974,holy_alembic,5,3100000,2900000,2026-01-05 07:42:54
1767598974,holy_alembic,4,2500000,-1,2026-01-05 07:42:54
1767598974,holy_alembic,3,1500000,-1,2026-01-05 07:42:54
1767598974,holy_alembic,2,-1,720000,2026-01-05 07:42:54
1767598974,holy_alembic,10,72000000,66000000,2026-01-05 07:42:54
1767598974,holy_buckler,11,100000000,-1,2026-01-05 07:42:54
1767598974,holy_buckler,1,1400000,-1,2026-01-05 07:42:54
1767598974,holy_buckler,0,860000,840000,2026-01-05 07:42:54
1767598974,holy_brush,9,-1,37000000,2026-01-05 07:42:54
1767598974,holy_brush,8,34000000,23500000,2026-01-05 07:42:54
1767598974,holy_brush,7,14500000,12500000,2026-01-05 07:42:54
1767598974,holy_brush,6,7600000,-1,2026-01-05 07:42:54
1767598974,holy_brush,5,3400000,3100000,2026-01-05 07:42:54
1767598974,holy_brush,4,2450000,1100000,2026-01-05 07:42:54
1767598974,holy_brush,3,1250000,-1,2026-01-05 07:42:54
1767598974,holy_brush,2,1150000,600000,2026-01-05 07:42:54
1767598974,holy_brush,12,-1,100000000,2026-01-05 07:42:54
1767598974,holy_brush,11,-1,68000000,2026-01-05 07:42:54
1767598974,holy_brush,10,82000000,78000000,2026-01-05 07:42:54
1767598974,holy_brush,1,-1,600000,2026-01-05 07:42:54
1767598974,holy_brush,0,940000,920000,2026-01-05 07:42:54
1767598974,holy_chisel,4,2700000,-1,2026-01-05 07:42:54
1767598974,holy_chisel,3,1500000,-1,2026-01-05 07:42:54
1767598974,holy_chisel,2,1600000,-1,2026-01-05 07:42:54
1767598974,holy_chisel,12,-1,220000000,2026-01-05 07:42:54
1767598974,holy_chisel,10,84000000,80000000,2026-01-05 07:42:54
1767598974,holy_chisel,1,-1,600000,2026-01-05 07:42:54
1767598974,holy_chisel,0,920000,900000,2026-01-05 07:42:54
1767598974,holy_cheese,0,3900,3800,2026-01-05 07:42:54
1767598974,holy_bulwark,7,56000000,-1,2026-01-05 07:42:54
1767598974,holy_bulwark,6,4200000,420000,2026-01-05 07:42:54
1767598974,holy_bulwark,5,2150000,210000,2026-01-05 07:42:54
1767598974,holy_bulwark,2,1700000,-1,2026-01-05 07:42:54
1767598974,holy_bulwark,0,1150000,1100000,2026-01-05 07:42:54
1767598974,holy_buckler,7,11000000,-1,2026-01-05 07:42:54
1767598974,holy_buckler,6,4700000,470000,2026-01-05 07:42:54
1767598974,holy_buckler,5,2150000,-1,2026-01-05 07:42:54
1767598974,holy_enhancer,8,28000000,20000000,2026-01-05 07:42:54
1767598974,holy_enhancer,7,15000000,12500000,2026-01-05 07:42:54
1767598974,holy_enhancer,6,7400000,3700000,2026-01-05 07:42:54
1767598974,holy_enhancer,5,3300000,3100000,2026-01-05 07:42:54
1767598974,holy_enhancer,4,2700000,-1,2026-01-05 07:42:54
1767598974,holy_enhancer,3,1450000,-1,2026-01-05 07:42:54
1767598974,holy_enhancer,13,560000000,-1,2026-01-05 07:42:54
1767598974,holy_enhancer,12,300000000,240000000,2026-01-05 07:42:54
1767598974,holy_enhancer,10,88000000,82000000,2026-01-05 07:42:54
1767598974,holy_enhancer,1,980000,-1,2026-01-05 07:42:54
1767598974,holy_enhancer,0,940000,920000,2026-01-05 07:42:54
1767598974,holy_chisel,9,-1,44000000,2026-01-05 07:42:54
1767598974,holy_chisel,8,31000000,25000000,2026-01-05 07:42:54
1767598974,holy_chisel,7,14000000,12000000,2026-01-05 07:42:54
1767598974,holy_chisel,6,7600000,3400000,2026-01-05 07:42:54
1767598974,holy_chisel,5,3300000,3100000,2026-01-05 07:42:54
1767598974,holy_hammer,9,-1,32000000,2026-01-05 07:42:54
1767598974,holy_hammer,8,34000000,23500000,2026-01-05 07:42:54
1767598974,holy_hammer,7,14000000,12500000,2026-01-05 07:42:54
1767598974,holy_hammer,6,7600000,4100000,2026-01-05 07:42:54
1767598974,holy_hammer,5,3300000,3100000,2026-01-05 07:42:54
1767598974,holy_hammer,10,84000000,80000000,2026-01-05 07:42:54
1767598974,holy_hammer,1,900000,580000,2026-01-05 07:42:54
1767598974,holy_hammer,0,880000,820000,2026-01-05 07:42:54
1767598974,holy_gauntlets,8,13000000,-1,2026-01-05 07:42:54
1767598974,holy_gauntlets,5,2500000,250000,2026-01-05 07:42:54
1767598974,holy_gauntlets,4,2200000,-1,2026-01-05 07:42:54
1767598974,holy_gauntlets,2,800000,-1,2026-01-05 07:42:54
1767598974,holy_gauntlets,10,-1,18000000,2026-01-05 07:42:54
1767598974,holy_gauntlets,1,900000,-1,2026-01-05 07:42:54
1767598974,holy_gauntlets,0,520000,460000,2026-01-05 07:42:54
1767598974,holy_enhancer,9,-1,40000000,2026-01-05 07:42:54
1767598974,holy_mace,1,1200000,-1,2026-01-05 07:42:54
1767598974,holy_mace,0,1150000,1000000,2026-01-05 07:42:54
1767598974,holy_helmet,6,4800000,480000,2026-01-05 07:42:54
1767598974,holy_helmet,5,2050000,205000,2026-01-05 07:42:54
1767598974,holy_helmet,2,920000,-1,2026-01-05 07:42:54
1767598974,holy_helmet,0,700000,680000,2026-01-05 07:42:54
1767598974,holy_hatchet,9,-1,33000000,2026-01-05 07:42:54
1767598974,holy_hatchet,8,31000000,24500000,2026-01-05 07:42:54
1767598974,holy_hatchet,7,13000000,12000000,2026-01-05 07:42:54
1767598974,holy_hatchet,6,7600000,4200000,2026-01-05 07:42:54
1767598974,holy_hatchet,5,3400000,3200000,2026-01-05 07:42:54
1767598974,holy_hatchet,4,-1,1300000,2026-01-05 07:42:54
1767598974,holy_hatchet,3,-1,1000000,2026-01-05 07:42:54
1767598974,holy_hatchet,12,-1,94000000,2026-01-05 07:42:54
1767598974,holy_hatchet,10,82000000,78000000,2026-01-05 07:42:54
1767598974,holy_hatchet,0,940000,900000,2026-01-05 07:42:54
1767598974,holy_needle,8,32000000,23000000,2026-01-05 07:42:54
1767598974,holy_needle,7,15000000,13500000,2026-01-05 07:42:54
1767598974,holy_needle,6,8400000,3400000,2026-01-05 07:42:54
1767598974,holy_needle,5,3400000,3300000,2026-01-05 07:42:54
1767598974,holy_needle,4,2200000,1500000,2026-01-05 07:42:54
1767598974,holy_needle,3,1250000,1050000,2026-01-05 07:42:54
1767598974,holy_needle,2,1150000,-1,2026-01-05 07:42:54
1767598974,holy_needle,10,78000000,76000000,2026-01-05 07:42:54
1767598974,holy_needle,1,1050000,600000,2026-01-05 07:42:54
1767598974,holy_needle,0,900000,720000,2026-01-05 07:42:54
1767598974,holy_milk,0,700,680,2026-01-05 07:42:54
1767598974,holy_mace,8,36000000,-1,2026-01-05 07:42:54
1767598974,holy_mace,6,4400000,440000,2026-01-05 07:42:54
1767598974,holy_mace,5,2750000,400000,2026-01-05 07:42:54
1767598974,holy_mace,3,2500000,-1,2026-01-05 07:42:54
1767598974,holy_mace,2,1400000,-1,2026-01-05 07:42:54
1767598974,holy_pot,2,1500000,-1,2026-01-05 07:42:54
1767598974,holy_pot,12,290000000,-1,2026-01-05 07:42:54
1767598974,holy_pot,10,78000000,72000000,2026-01-05 07:42:54
1767598974,holy_pot,0,920000,900000,2026-01-05 07:42:54
1767598974,holy_plate_legs,5,2600000,160000,2026-01-05 07:42:54
1767598974,holy_plate_legs,3,1300000,-1,2026-01-05 07:42:54
1767598974,holy_plate_legs,2,940000,-1,2026-01-05 07:42:54
1767598974,holy_plate_legs,1,1000000,-1,2026-01-05 07:42:54
1767598974,holy_plate_legs,0,980000,940000,2026-01-05 07:42:54
1767598974,holy_plate_body,5,-1,430000,2026-01-05 07:42:54
1767598974,holy_plate_body,4,2200000,215000,2026-01-05 07:42:54
1767598974,holy_plate_body,3,1700000,-1,2026-01-05 07:42:54
1767598974,holy_plate_body,2,1650000,-1,2026-01-05 07:42:54
1767598974,holy_plate_body,1,1300000,-1,2026-01-05 07:42:54
1767598974,holy_plate_body,0,1100000,1050000,2026-01-05 07:42:54
1767598974,holy_needle,9,-1,31000000,2026-01-05 07:42:54
1767598974,holy_shears,8,34000000,23500000,2026-01-05 07:42:54
1767598974,holy_shears,7,14500000,12000000,2026-01-05 07:42:54
1767598974,holy_shears,6,7200000,5600000,2026-01-05 07:42:54
1767598974,holy_shears,5,3500000,3300000,2026-01-05 07:42:54
1767598974,holy_shears,4,2450000,110000,2026-01-05 07:42:54
1767598974,holy_shears,3,1350000,-1,2026-01-05 07:42:54
1767598974,holy_shears,2,1250000,-1,2026-01-05 07:42:54
1767598974,holy_shears,12,300000000,-1,2026-01-05 07:42:54
1767598974,holy_shears,10,80000000,74000000,2026-01-05 07:42:54
1767598974,holy_shears,0,920000,900000,2026-01-05 07:42:54
1767598974,holy_pot,9,-1,31000000,2026-01-05 07:42:54
1767598974,holy_pot,8,34000000,23000000,2026-01-05 07:42:54
1767598974,holy_pot,7,14000000,13000000,2026-01-05 07:42:54
1767598974,holy_pot,6,7600000,-1,2026-01-05 07:42:54
1767598974,holy_pot,5,3400000,-1,2026-01-05 07:42:54
1767598974,holy_pot,3,1800000,-1,2026-01-05 07:42:54
1767598974,holy_sword,3,1400000,-1,2026-01-05 07:42:54
1767598974,holy_sword,2,1150000,-1,2026-01-05 07:42:54
1767598974,holy_sword,1,1050000,-1,2026-01-05 07:42:54
1767598974,holy_sword,0,1250000,1100000,2026-01-05 07:42:54
1767598974,holy_spear,6,5800000,580000,2026-01-05 07:42:54
1767598974,holy_spear,5,3000000,320000,2026-01-05 07:42:54
1767598974,holy_spear,0,1200000,1150000,2026-01-05 07:42:54
1767598974,holy_spatula,9,-1,31000000,2026-01-05 07:42:54
1767598974,holy_spatula,8,34000000,23000000,2026-01-05 07:42:54
1767598974,holy_spatula,7,14000000,12000000,2026-01-05 07:42:54
1767598974,holy_spatula,6,7600000,4800000,2026-01-05 07:42:54
1767598974,holy_spatula,5,3400000,3200000,2026-01-05 07:42:54
1767598974,holy_spatula,3,1450000,-1,2026-01-05 07:42:54
1767598974,holy_spatula,10,-1,82000000,2026-01-05 07:42:54
1767598974,holy_spatula,0,900000,840000,2026-01-05 07:42:54
1767598974,holy_shears,9,-1,33000000,2026-01-05 07:42:54
1767598974,icy_robe_top,10,5800000,2650000,2026-01-05 07:42:54
1767598974,icy_robe_top,0,340000,300000,2026-01-05 07:42:54
1767598974,icy_robe_bottoms,7,2500000,-1,2026-01-05 07:42:54
1767598974,icy_robe_bottoms,6,1000000,-1,2026-01-05 07:42:54
1767598974,icy_robe_bottoms,5,450000,-1,2026-01-05 07:42:54
1767598974,icy_robe_bottoms,3,360000,-1,2026-01-05 07:42:54
1767598974,icy_robe_bottoms,11,14500000,-1,2026-01-05 07:42:54
1767598974,icy_robe_bottoms,10,6200000,2550000,2026-01-05 07:42:54
1767598974,icy_robe_bottoms,1,230000,-1,2026-01-05 07:42:54
1767598974,icy_robe_bottoms,0,250000,160000,2026-01-05 07:42:54
1767598974,icy_cloth,0,58000,56000,2026-01-05 07:42:54
1767598974,ice_spear,0,35000,34000,2026-01-05 07:42:54
1767598974,holy_sword,7,6800000,-1,2026-01-05 07:42:54
1767598974,holy_sword,6,3500000,360000,2026-01-05 07:42:54
1767598974,holy_sword,5,2300000,560000,2026-01-05 07:42:54
1767598974,holy_sword,4,1500000,-1,2026-01-05 07:42:54
1767598974,jackalope_antler,0,2200000,2150000,2026-01-05 07:42:54
1767598974,invincible,0,860000,840000,2026-01-05 07:42:54
1767598974,intelligence_coffee,0,960,920,2026-01-05 07:42:54
1767598974,insanity,0,860000,840000,2026-01-05 07:42:54
1767598974,infernal_ember,0,560000,540000,2026-01-05 07:42:54
1767598974,infernal_battlestaff,8,32000000,19000000,2026-01-05 07:42:54
1767598974,infernal_battlestaff,7,19000000,14000000,2026-01-05 07:42:54
1767598974,infernal_battlestaff,5,14500000,12500000,2026-01-05 07:42:54
1767598974,infernal_battlestaff,12,200000000,-1,2026-01-05 07:42:54
1767598974,infernal_battlestaff,10,130000000,46000000,2026-01-05 07:42:54
1767598974,infernal_battlestaff,0,12000000,10500000,2026-01-05 07:42:54
1767598974,impale,0,35000,34000,2026-01-05 07:42:54
1767598974,icy_robe_top,8,4500000,-1,2026-01-05 07:42:54
1767598974,icy_robe_top,7,2000000,-1,2026-01-05 07:42:54
1767598974,icy_robe_top,5,500000,-1,2026-01-05 07:42:54
1767598974,icy_robe_top,3,460000,-1,2026-01-05 07:42:54
1767598974,knights_aegis,7,125000000,120000000,2026-01-05 07:42:54
1767598974,knights_aegis,6,-1,84000000,2026-01-05 07:42:54
1767598974,knights_aegis,5,110000000,105000000,2026-01-05 07:42:54
1767598974,knights_aegis,3,-1,76000000,2026-01-05 07:42:54
1767598974,knights_aegis,12,1350000000,1200000000,2026-01-05 07:42:54
1767598974,knights_aegis,11,-1,440000000,2026-01-05 07:42:54
1767598974,knights_aegis,10,370000000,350000000,2026-01-05 07:42:54
1767598974,knights_aegis,1,-1,80000000,2026-01-05 07:42:54
1767598974,knights_aegis,0,105000000,100000000,2026-01-05 07:42:54
1767598974,jungle_essence,0,39,37,2026-01-05 07:42:54
1767598974,jade,0,35000,34000,2026-01-05 07:42:54
1767598974,jackalope_staff,8,180000000,64000000,2026-01-05 07:42:54
1767598974,jackalope_staff,7,56000000,48000000,2026-01-05 07:42:54
1767598974,jackalope_staff,5,48000000,41000000,2026-01-05 07:42:54
1767598974,jackalope_staff,10,185000000,155000000,2026-01-05 07:42:54
1767598974,jackalope_staff,0,40000000,37000000,2026-01-05 07:42:54
1767598974,kraken_chaps,6,94000000,84000000,2026-01-05 07:42:54
1767598974,kraken_chaps,5,100000000,88000000,2026-01-05 07:42:54
1767598974,kraken_chaps,4,-1,68000000,2026-01-05 07:42:54
1767598974,kraken_chaps,3,-1,70000000,2026-01-05 07:42:54
1767598974,kraken_chaps,2,-1,70000000,2026-01-05 07:42:54
1767598974,kraken_chaps,12,1300000000,1250000000,2026-01-05 07:42:54
1767598974,kraken_chaps,11,-1,470000000,2026-01-05 07:42:54
1767598974,kraken_chaps,10,380000000,360000000,2026-01-05 07:42:54
1767598974,kraken_chaps,1,-1,68000000,2026-01-05 07:42:54
1767598974,kraken_chaps,0,86000000,76000000,2026-01-05 07:42:54
1767598974,knights_ingot,0,7000000,6800000,2026-01-05 07:42:54
1767598974,knights_aegis_refined,6,100000000000,-1,2026-01-05 07:42:54
1767598974,knights_aegis_refined,12,-1,1550000000,2026-01-05 07:42:54
1767598974,knights_aegis_refined,10,740000000,720000000,2026-01-05 07:42:54
1767598974,knights_aegis,9,-1,160000000,2026-01-05 07:42:54
1767598974,knights_aegis,8,165000000,145000000,2026-01-05 07:42:54
1767598974,kraken_tunic,4,-1,84000000,2026-01-05 07:42:54
1767598974,kraken_tunic,3,-1,84000000,2026-01-05 07:42:54
1767598974,kraken_tunic,2,-1,84000000,2026-01-05 07:42:54
1767598974,kraken_tunic,17,36000000000,-1,2026-01-05 07:42:54
1767598974,kraken_tunic,12,1400000000,1350000000,2026-01-05 07:42:54
1767598974,kraken_tunic,11,-1,660000000,2026-01-05 07:42:54
1767598974,kraken_tunic,10,410000000,400000000,2026-01-05 07:42:54
1767598974,kraken_tunic,1,-1,72000000,2026-01-05 07:42:54
1767598974,kraken_tunic,0,100000000,98000000,2026-01-05 07:42:54
1767598974,kraken_leather,0,8200000,8000000,2026-01-05 07:42:54
1767598974,kraken_fang,0,11000000,10500000,2026-01-05 07:42:54
1767598974,kraken_chaps_refined,12,-1,1650000000,2026-01-05 07:42:54
1767598974,kraken_chaps_refined,10,760000000,720000000,2026-01-05 07:42:54
1767598974,kraken_chaps,9,-1,200000000,2026-01-05 07:42:54
1767598974,kraken_chaps,8,-1,125000000,2026-01-05 07:42:54
1767598974,kraken_chaps,7,110000000,105000000,2026-01-05 07:42:54
1767598974,linen_boots,0,22500,21500,2026-01-05 07:42:54
1767598974,life_drain,0,46000,44000,2026-01-05 07:42:54
1767598974,liberica_coffee_bean,0,800,780,2026-01-05 07:42:54
1767598974,large_pouch,5,4000000,-1,2026-01-05 07:42:54
1767598974,large_pouch,4,2200000,-1,2026-01-05 07:42:54
1767598974,large_pouch,3,1100000,-1,2026-01-05 07:42:54
1767598974,large_pouch,2,1100000,-1,2026-01-05 07:42:54
1767598974,large_pouch,1,980000,-1,2026-01-05 07:42:54
1767598974,large_pouch,0,920000,860000,2026-01-05 07:42:54
1767598974,kraken_tunic_refined,12,1900000000,1550000000,2026-01-05 07:42:54
1767598974,kraken_tunic_refined,10,780000000,760000000,2026-01-05 07:42:54
1767598974,kraken_tunic,9,-1,165000000,2026-01-05 07:42:54
1767598974,kraken_tunic,8,185000000,170000000,2026-01-05 07:42:54
1767598974,kraken_tunic,7,130000000,115000000,2026-01-05 07:42:54
1767598974,kraken_tunic,6,-1,90000000,2026-01-05 07:42:54
1767598974,kraken_tunic,5,110000000,98000000,2026-01-05 07:42:54
1767598974,lumberjacks_bottoms,12,-1,1000000000,2026-01-05 07:42:54
1767598974,lumberjacks_bottoms,10,500000000,470000000,2026-01-05 07:42:54
1767598974,lumberjacks_bottoms,0,280000000,200000000,2026-01-05 07:42:54
1767598974,lumber,0,440,430,2026-01-05 07:42:54
1767598974,lucky_coffee,0,3200,3100,2026-01-05 07:42:54
1767598974,log,0,36,32,2026-01-05 07:42:54
1767598974,living_granite,0,560000,540000,2026-01-05 07:42:54
1767598974,linen_robe_top,3,88000,-1,2026-01-05 07:42:54
1767598974,linen_robe_top,0,42000,38000,2026-01-05 07:42:54
1767598974,linen_robe_bottoms,0,37000,34000,2026-01-05 07:42:54
1767598974,linen_hat,0,28000,17500,2026-01-05 07:42:54
1767598974,linen_gloves,6,980000,-1,2026-01-05 07:42:54
1767598974,linen_gloves,5,110000,-1,2026-01-05 07:42:54
1767598974,linen_gloves,0,24000,20000,2026-01-05 07:42:54
1767598974,linen_fabric,0,1000,980,2026-01-05 07:42:54
1767598974,linen_boots,1,22000,-1,2026-01-05 07:42:54
1767598974,luna_robe_bottoms,1,2250000,-1,2026-01-05 07:42:54
1767598974,luna_robe_bottoms,0,2000000,1950000,2026-01-05 07:42:54
1767598974,lumberjacks_top,8,230000000,220000000,2026-01-05 07:42:54
1767598974,lumberjacks_top,7,210000000,185000000,2026-01-05 07:42:54
1767598974,lumberjacks_top,6,-1,25000000,2026-01-05 07:42:54
1767598974,lumberjacks_top,5,195000000,165000000,2026-01-05 07:42:54
1767598974,lumberjacks_top,4,-1,12500000,2026-01-05 07:42:54
1767598974,lumberjacks_top,20,-1,5000000,2026-01-05 07:42:54
1767598974,lumberjacks_top,12,1400000000,-1,2026-01-05 07:42:54
1767598974,lumberjacks_top,10,420000000,-1,2026-01-05 07:42:54
1767598974,lumberjacks_top,0,-1,160000000,2026-01-05 07:42:54
1767598974,lumberjacks_bottoms,9,420000000,330000000,2026-01-05 07:42:54
1767598974,lumberjacks_bottoms,8,330000000,300000000,2026-01-05 07:42:54
1767598974,lumberjacks_bottoms,7,310000000,260000000,2026-01-05 07:42:54
1767598974,lumberjacks_bottoms,5,295000000,200000000,2026-01-05 07:42:54
1767598974,lumberjacks_bottoms,4,-1,4200000,2026-01-05 07:42:54
1767598974,luna_robe_top,5,3000000,2000000,2026-01-05 07:42:54
1767598974,luna_robe_top,4,-1,480000,2026-01-05 07:42:54
1767598974,luna_robe_top,3,-1,380000,2026-01-05 07:42:54
1767598974,luna_robe_top,2,-1,210000,2026-01-05 07:42:54
1767598974,luna_robe_top,12,110000000,70000000,2026-01-05 07:42:54
1767598974,luna_robe_top,11,66000000,-1,2026-01-05 07:42:54
1767598974,luna_robe_top,10,28500000,27500000,2026-01-05 07:42:54
1767598974,luna_robe_top,1,-1,680000,2026-01-05 07:42:54
1767598974,luna_robe_top,0,2050000,2000000,2026-01-05 07:42:54
1767598974,luna_robe_bottoms,8,13000000,-1,2026-01-05 07:42:54
1767598974,luna_robe_bottoms,7,5200000,4800000,2026-01-05 07:42:54
1767598974,luna_robe_bottoms,6,4100000,3500000,2026-01-05 07:42:54
1767598974,luna_robe_bottoms,5,3200000,2000000,2026-01-05 07:42:54
1767598974,luna_robe_bottoms,12,96000000,60000000,2026-01-05 07:42:54
1767598974,luna_robe_bottoms,11,60000000,-1,2026-01-05 07:42:54
1767598974,luna_robe_bottoms,10,26000000,25000000,2026-01-05 07:42:54
1767598974,maelstrom_plate_body_refined,10,880000000,720000000,2026-01-05 07:42:54
1767598974,maelstrom_plate_body,9,-1,205000000,2026-01-05 07:42:54
1767598974,maelstrom_plate_body,8,190000000,175000000,2026-01-05 07:42:54
1767598974,maelstrom_plate_body,7,140000000,130000000,2026-01-05 07:42:54
1767598974,maelstrom_plate_body,6,-1,92000000,2026-01-05 07:42:54
1767598974,maelstrom_plate_body,5,110000000,94000000,2026-01-05 07:42:54
1767598974,maelstrom_plate_body,4,-1,88000000,2026-01-05 07:42:54
1767598974,maelstrom_plate_body,3,-1,84000000,2026-01-05 07:42:54
1767598974,maelstrom_plate_body,2,105000000,88000000,2026-01-05 07:42:54
1767598974,maelstrom_plate_body,12,1350000000,1300000000,2026-01-05 07:42:54
1767598974,maelstrom_plate_body,10,410000000,400000000,2026-01-05 07:42:54
1767598974,maelstrom_plate_body,0,105000000,96000000,2026-01-05 07:42:54
1767598974,luna_wing,0,255000,250000,2026-01-05 07:42:54
1767598974,luna_robe_top,8,11000000,-1,2026-01-05 07:42:54
1767598974,luna_robe_top,7,6400000,4600000,2026-01-05 07:42:54
1767598974,luna_robe_top,6,4300000,3500000,2026-01-05 07:42:54
1767598974,maelstrom_plate_legs_refined,14,5000000000,-1,2026-01-05 07:42:54
1767598974,maelstrom_plate_legs_refined,12,1650000000,-1,2026-01-05 07:42:54
1767598974,maelstrom_plate_legs_refined,10,740000000,720000000,2026-01-05 07:42:54
1767598974,maelstrom_plate_legs,9,-1,180000000,2026-01-05 07:42:54
1767598974,maelstrom_plate_legs,8,150000000,125000000,2026-01-05 07:42:54
1767598974,maelstrom_plate_legs,7,110000000,105000000,2026-01-05 07:42:54
1767598974,maelstrom_plate_legs,6,-1,82000000,2026-01-05 07:42:54
1767598974,maelstrom_plate_legs,5,86000000,80000000,2026-01-05 07:42:54
1767598974,maelstrom_plate_legs,4,-1,72000000,2026-01-05 07:42:54
1767598974,maelstrom_plate_legs,3,-1,72000000,2026-01-05 07:42:54
1767598974,maelstrom_plate_legs,2,-1,68000000,2026-01-05 07:42:54
1767598974,maelstrom_plate_legs,12,1200000000,1100000000,2026-01-05 07:42:54
1767598974,maelstrom_plate_legs,10,370000000,360000000,2026-01-05 07:42:54
1767598974,maelstrom_plate_legs,1,-1,70000000,2026-01-05 07:42:54
1767598974,maelstrom_plate_legs,0,-1,78000000,2026-01-05 07:42:54
1767598974,maelstrom_plate_body_refined,12,1750000000,1600000000,2026-01-05 07:42:54
1767598974,magicians_hat_refined,10,600000000,580000000,2026-01-05 07:42:54
1767598974,magicians_hat,9,-1,140000000,2026-01-05 07:42:54
1767598974,magicians_hat,8,140000000,115000000,2026-01-05 07:42:54
1767598974,magicians_hat,7,96000000,90000000,2026-01-05 07:42:54
1767598974,magicians_hat,6,86000000,74000000,2026-01-05 07:42:54
1767598974,magicians_hat,5,-1,72000000,2026-01-05 07:42:54
1767598974,magicians_hat,4,-1,58000000,2026-01-05 07:42:54
1767598974,magicians_hat,3,-1,64000000,2026-01-05 07:42:54
1767598974,magicians_hat,2,-1,64000000,2026-01-05 07:42:54
1767598974,magicians_hat,12,-1,1050000000,2026-01-05 07:42:54
1767598974,magicians_hat,11,-1,420000000,2026-01-05 07:42:54
1767598974,magicians_hat,10,330000000,310000000,2026-01-05 07:42:54
1767598974,magicians_hat,0,82000000,76000000,2026-01-05 07:42:54
1767598974,magicians_cloth,0,7200000,7000000,2026-01-05 07:42:54
1767598974,magic_coffee,0,1600,1550,2026-01-05 07:42:54
1767598974,maelstrom_plating,0,6600000,6400000,2026-01-05 07:42:54
1767598974,maim,0,105000,100000,2026-01-05 07:42:54
1767598974,magnifying_glass,0,1950000,1900000,2026-01-05 07:42:54
1767598974,magnetic_gloves,9,20500000,17500000,2026-01-05 07:42:54
1767598974,magnetic_gloves,8,9200000,8800000,2026-01-05 07:42:54
1767598974,magnetic_gloves,7,6200000,4500000,2026-01-05 07:42:54
1767598974,magnetic_gloves,6,4000000,380000,2026-01-05 07:42:54
1767598974,magnetic_gloves,5,2900000,2050000,2026-01-05 07:42:54
1767598974,magnetic_gloves,4,2500000,-1,2026-01-05 07:42:54
1767598974,magnetic_gloves,14,490000000,-1,2026-01-05 07:42:54
1767598974,magnetic_gloves,12,105000000,88000000,2026-01-05 07:42:54
1767598974,magnetic_gloves,11,54000000,-1,2026-01-05 07:42:54
1767598974,magnetic_gloves,10,25500000,24000000,2026-01-05 07:42:54
1767598974,magnetic_gloves,1,2400000,-1,2026-01-05 07:42:54
1767598974,magnetic_gloves,0,2350000,2200000,2026-01-05 07:42:54
1767598974,magnet,0,255000,250000,2026-01-05 07:42:54
1767598974,magicians_hat_refined,12,-1,1400000000,2026-01-05 07:42:54
1767598974,marine_tunic,4,1000000,-1,2026-01-05 07:42:54
1767598974,marine_tunic,0,620000,600000,2026-01-05 07:42:54
1767598974,marine_scale,0,78000,74000,2026-01-05 07:42:54
1767598974,marine_chaps,7,1050000,-1,2026-01-05 07:42:54
1767598974,marine_chaps,5,920000,-1,2026-01-05 07:42:54
1767598974,marine_chaps,10,5000000,-1,2026-01-05 07:42:54
1767598974,marine_chaps,0,480000,470000,2026-01-05 07:42:54
1767598974,manticore_sting,0,2400000,2350000,2026-01-05 07:42:54
1767598974,manticore_shield,7,41000000,30000000,2026-01-05 07:42:54
1767598974,manticore_shield,6,-1,19000000,2026-01-05 07:42:54
1767598974,manticore_shield,5,30000000,19000000,2026-01-05 07:42:54
1767598974,manticore_shield,14,-1,180000000,2026-01-05 07:42:54
1767598974,manticore_shield,12,450000000,420000000,2026-01-05 07:42:54
1767598974,manticore_shield,10,125000000,120000000,2026-01-05 07:42:54
1767598974,manticore_shield,0,23500000,21500000,2026-01-05 07:42:54
1767598974,mana_spring,0,88000,86000,2026-01-05 07:42:54
1767598974,marsberry_cake,0,1950,1900,2026-01-05 07:42:54
1767598974,marsberry,0,195,190,2026-01-05 07:42:54
1767598974,marksman_brooch,0,8200000,8000000,2026-01-05 07:42:54
1767598974,marksman_bracers_refined,12,1500000000,1400000000,2026-01-05 07:42:54
1767598974,marksman_bracers_refined,10,680000000,660000000,2026-01-05 07:42:54
1767598974,marksman_bracers_refined,0,480000000,-1,2026-01-05 07:42:54
1767598974,marksman_bracers,9,-1,175000000,2026-01-05 07:42:54
1767598974,marksman_bracers,8,160000000,125000000,2026-01-05 07:42:54
1767598974,marksman_bracers,7,120000000,110000000,2026-01-05 07:42:54
1767598974,marksman_bracers,6,110000000,100000000,2026-01-05 07:42:54
1767598974,marksman_bracers,5,110000000,100000000,2026-01-05 07:42:54
1767598974,marksman_bracers,12,1100000000,980000000,2026-01-05 07:42:54
1767598974,marksman_bracers,10,300000000,295000000,2026-01-05 07:42:54
1767598974,marksman_bracers,0,100000000,98000000,2026-01-05 07:42:54
1767598974,marine_tunic,7,3000000,-1,2026-01-05 07:42:54
1767598974,marine_tunic,5,980000,-1,2026-01-05 07:42:54
1767598974,master_enhancing_charm,7,3000000000,-1,2026-01-05 07:42:54
1767598974,master_enhancing_charm,0,-1,240000000,2026-01-05 07:42:54
1767598974,master_defense_charm,5,450000000,420000000,2026-01-05 07:42:54
1767598974,master_defense_charm,3,350000000,255000000,2026-01-05 07:42:54
1767598974,master_defense_charm,0,-1,180000000,2026-01-05 07:42:54
1767598974,master_crafting_charm,7,1950000000,-1,2026-01-05 07:42:54
1767598974,master_cooking_charm,5,1350000000,-1,2026-01-05 07:42:54
1767598974,master_cooking_charm,3,780000000,-1,2026-01-05 07:42:54
1767598974,master_cooking_charm,0,680000000,-1,2026-01-05 07:42:54
1767598974,master_cheesesmithing_charm,5,1650000000,-1,2026-01-05 07:42:54
1767598974,master_brewing_charm,5,940000000,460000000,2026-01-05 07:42:54
1767598974,master_attack_charm,7,-1,78000000,2026-01-05 07:42:54
1767598974,master_attack_charm,5,440000000,420000000,2026-01-05 07:42:54
1767598974,master_attack_charm,0,215000000,-1,2026-01-05 07:42:54
1767598974,master_alchemy_charm,5,1650000000,6200000,2026-01-05 07:42:54
1767598974,marsberry_donut,0,1350,1300,2026-01-05 07:42:54
1767598974,master_ranged_charm,0,205000000,-1,2026-01-05 07:42:54
1767598974,master_milking_charm,5,1200000000,-1,2026-01-05 07:42:54
1767598974,master_milking_charm,0,-1,310000000,2026-01-05 07:42:54
1767598974,master_melee_charm,7,-1,740000000,2026-01-05 07:42:54
1767598974,master_melee_charm,5,440000000,420000000,2026-01-05 07:42:54
1767598974,master_melee_charm,3,-1,235000000,2026-01-05 07:42:54
1767598974,master_melee_charm,0,215000000,140000000,2026-01-05 07:42:54
1767598974,master_magic_charm,7,900000000,-1,2026-01-05 07:42:54
1767598974,master_magic_charm,5,440000000,420000000,2026-01-05 07:42:54
1767598974,master_magic_charm,4,380000000,-1,2026-01-05 07:42:54
1767598974,master_magic_charm,10,2900000000,-1,2026-01-05 07:42:54
1767598974,master_magic_charm,0,230000000,-1,2026-01-05 07:42:54
1767598974,master_intelligence_charm,5,430000000,400000000,2026-01-05 07:42:54
1767598974,master_foraging_charm,5,-1,600000000,2026-01-05 07:42:54
1767598974,master_foraging_charm,1,720000000,-1,2026-01-05 07:42:54
1767598974,master_enhancing_charm,8,3200000000,-1,2026-01-05 07:42:54
1767598974,medium_pouch,6,1500000,-1,2026-01-05 07:42:54
1767598974,medium_pouch,5,1150000,-1,2026-01-05 07:42:54
1767598974,medium_pouch,4,900000,-1,2026-01-05 07:42:54
1767598974,medium_pouch,3,370000,-1,2026-01-05 07:42:54
1767598974,medium_pouch,2,220000,-1,2026-01-05 07:42:54
1767598974,medium_pouch,10,160000000,-1,2026-01-05 07:42:54
1767598974,medium_pouch,1,215000,-1,2026-01-05 07:42:54
1767598974,medium_pouch,0,220000,180000,2026-01-05 07:42:54
1767598974,master_woodcutting_charm,5,1200000000,-1,2026-01-05 07:42:54
1767598974,master_tailoring_charm,0,-1,12000000,2026-01-05 07:42:54
1767598974,master_stamina_charm,7,920000000,-1,2026-01-05 07:42:54
1767598974,master_stamina_charm,6,660000000,-1,2026-01-05 07:42:54
1767598974,master_stamina_charm,5,500000000,460000000,2026-01-05 07:42:54
1767598974,master_ranged_charm,5,440000000,430000000,2026-01-05 07:42:54
1767598974,master_ranged_charm,3,310000000,-1,2026-01-05 07:42:54
1767598974,master_ranged_charm,1,260000000,17500000,2026-01-05 07:42:54
1767598974,necklace_of_efficiency,3,-1,15000000,2026-01-05 07:42:54
1767598974,necklace_of_efficiency,10,-1,250000000,2026-01-05 07:42:54
1767598974,necklace_of_efficiency,0,12000000,11000000,2026-01-05 07:42:54
1767598974,natures_veil,0,620000,600000,2026-01-05 07:42:54
1767598974,mystic_aura,0,920000,900000,2026-01-05 07:42:54
1767598974,moonstone,0,52000,50000,2026-01-05 07:42:54
1767598974,moolong_tea_leaf,0,33,32,2026-01-05 07:42:54
1767598974,mooberry_donut,0,1050,1000,2026-01-05 07:42:54
1767598974,mooberry_cake,0,1650,1600,2026-01-05 07:42:54
1767598974,mooberry,0,220,215,2026-01-05 07:42:54
1767598974,mirror_of_protection,0,11000000,10500000,2026-01-05 07:42:54
1767598974,minor_heal,0,3100,3000,2026-01-05 07:42:54
1767598974,milking_tea,0,600,560,2026-01-05 07:42:54
1767598974,milking_essence,0,320,310,2026-01-05 07:42:54
1767598974,milk,0,115,110,2026-01-05 07:42:54
1767598974,melee_coffee,0,1450,1400,2026-01-05 07:42:54
1767598974,necklace_of_wisdom,4,58000000,40000000,2026-01-05 07:42:54
1767598974,necklace_of_wisdom,3,25000000,23500000,2026-01-05 07:42:54
1767598974,necklace_of_wisdom,2,17000000,14000000,2026-01-05 07:42:54
1767598974,necklace_of_wisdom,10,-1,250000000,2026-01-05 07:42:54
1767598974,necklace_of_wisdom,1,13000000,10500000,2026-01-05 07:42:54
1767598974,necklace_of_wisdom,0,12000000,10000000,2026-01-05 07:42:54
1767598974,necklace_of_speed,7,-1,250000000,2026-01-05 07:42:54
1767598974,necklace_of_speed,6,205000000,175000000,2026-01-05 07:42:54
1767598974,necklace_of_speed,5,115000000,105000000,2026-01-05 07:42:54
1767598974,necklace_of_speed,4,-1,43000000,2026-01-05 07:42:54
1767598974,necklace_of_speed,3,31000000,28500000,2026-01-05 07:42:54
1767598974,necklace_of_speed,2,22500000,19500000,2026-01-05 07:42:54
1767598974,necklace_of_speed,10,-1,820000000,2026-01-05 07:42:54
1767598974,necklace_of_speed,1,19000000,13500000,2026-01-05 07:42:54
1767598974,necklace_of_speed,0,14500000,12500000,2026-01-05 07:42:54
1767598974,necklace_of_efficiency,5,-1,54000000,2026-01-05 07:42:54
1767598974,panda_gloves,4,3500000,350000,2026-01-05 07:42:54
1767598974,panda_gloves,3,700000,-1,2026-01-05 07:42:54
1767598974,panda_gloves,2,940000,-1,2026-01-05 07:42:54
1767598974,panda_gloves,10,17000000,8000000,2026-01-05 07:42:54
1767598974,panda_gloves,1,700000,-1,2026-01-05 07:42:54
1767598974,panda_gloves,0,430000,400000,2026-01-05 07:42:54
1767598974,panda_fluff,0,56000,54000,2026-01-05 07:42:54
1767598974,orange_yogurt,0,780,700,2026-01-05 07:42:54
1767598974,orange_key_fragment,0,1050000,1000000,2026-01-05 07:42:54
1767598974,orange_gummy,0,84,74,2026-01-05 07:42:54
1767598974,orange,0,24,23,2026-01-05 07:42:54
1767598974,necklace_of_wisdom,9,-1,200000000,2026-01-05 07:42:54
1767598974,necklace_of_wisdom,8,310000000,250000000,2026-01-05 07:42:54
1767598974,necklace_of_wisdom,7,270000000,215000000,2026-01-05 07:42:54
1767598974,necklace_of_wisdom,6,160000000,125000000,2026-01-05 07:42:54
1767598974,necklace_of_wisdom,5,96000000,56000000,2026-01-05 07:42:54
1767598974,philosophers_earrings,3,800000000,740000000,2026-01-05 07:42:54
1767598974,philosophers_earrings,2,740000000,620000000,2026-01-05 07:42:54
1767598974,philosophers_earrings,10,4300000000,3600000000,2026-01-05 07:42:54
1767598974,philosophers_earrings,1,-1,640000000,2026-01-05 07:42:54
1767598974,philosophers_earrings,0,700000000,640000000,2026-01-05 07:42:54
1767598974,pestilent_shot,0,58000,56000,2026-01-05 07:42:54
1767598974,penetrating_strike,0,180000,175000,2026-01-05 07:42:54
1767598974,penetrating_shot,0,265000,260000,2026-01-05 07:42:54
1767598974,pearl,0,13500,13000,2026-01-05 07:42:54
1767598974,peach_yogurt,0,1250,1200,2026-01-05 07:42:54
1767598974,peach_gummy,0,920,900,2026-01-05 07:42:54
1767598974,peach,0,150,140,2026-01-05 07:42:54
1767598974,panda_gloves,8,6600000,500000,2026-01-05 07:42:54
1767598974,panda_gloves,7,6000000,310000,2026-01-05 07:42:54
1767598974,panda_gloves,6,4800000,350000,2026-01-05 07:42:54
1767598974,panda_gloves,5,3300000,800000,2026-01-05 07:42:54
1767598974,philosophers_necklace,7,1850000000,1600000000,2026-01-05 07:42:54
1767598974,philosophers_necklace,6,1400000000,1350000000,2026-01-05 07:42:54
1767598974,philosophers_necklace,5,1150000000,1100000000,2026-01-05 07:42:54
1767598974,philosophers_necklace,4,-1,840000000,2026-01-05 07:42:54
1767598974,philosophers_necklace,3,840000000,740000000,2026-01-05 07:42:54
1767598974,philosophers_necklace,2,-1,620000000,2026-01-05 07:42:54
1767598974,philosophers_necklace,11,9000000000,12000000,2026-01-05 07:42:54
1767598974,philosophers_necklace,10,5400000000,4600000000,2026-01-05 07:42:54
1767598974,philosophers_necklace,1,-1,620000000,2026-01-05 07:42:54
1767598974,philosophers_necklace,0,720000000,600000000,2026-01-05 07:42:54
1767598974,philosophers_mirror,0,720000000,660000000,2026-01-05 07:42:54
1767598974,philosophers_earrings,8,2250000000,2000000000,2026-01-05 07:42:54
1767598974,philosophers_earrings,7,1550000000,1500000000,2026-01-05 07:42:54
1767598974,philosophers_earrings,6,1250000000,1200000000,2026-01-05 07:42:54
1767598974,philosophers_earrings,5,980000000,960000000,2026-01-05 07:42:54
1767598974,philosophers_earrings,4,-1,700000000,2026-01-05 07:42:54
1767598974,pincer_gloves,10,4600000,1600000,2026-01-05 07:42:54
1767598974,pincer_gloves,1,41000,-1,2026-01-05 07:42:54
1767598974,pincer_gloves,0,38000,27500,2026-01-05 07:42:54
1767598974,philosophers_stone,0,620000000,600000000,2026-01-05 07:42:54
1767598974,philosophers_ring,9,-1,175000000,2026-01-05 07:42:54
1767598974,philosophers_ring,8,2250000000,1900000000,2026-01-05 07:42:54
1767598974,philosophers_ring,7,1550000000,1450000000,2026-01-05 07:42:54
1767598974,philosophers_ring,6,1250000000,1150000000,2026-01-05 07:42:54
1767598974,philosophers_ring,5,1000000000,980000000,2026-01-05 07:42:54
1767598974,philosophers_ring,4,-1,820000000,2026-01-05 07:42:54
1767598974,philosophers_ring,3,800000000,760000000,2026-01-05 07:42:54
1767598974,philosophers_ring,2,-1,660000000,2026-01-05 07:42:54
1767598974,philosophers_ring,10,4300000000,3700000000,2026-01-05 07:42:54
1767598974,philosophers_ring,1,-1,580000000,2026-01-05 07:42:54
1767598974,philosophers_ring,0,720000000,660000000,2026-01-05 07:42:54
1767598974,philosophers_necklace,8,2600000000,2000000000,2026-01-05 07:42:54
1767598974,polar_bear_shoes,0,600000,520000,2026-01-05 07:42:54
1767598974,polar_bear_fluff,0,96000,92000,2026-01-05 07:42:54
1767598974,poke,0,2600,2550,2026-01-05 07:42:54
1767598974,plum_yogurt,0,980,940,2026-01-05 07:42:54
1767598974,plum_gummy,0,380,370,2026-01-05 07:42:54
1767598974,plum,0,35,32,2026-01-05 07:42:54
1767598974,pirate_refinement_shard,0,3900000,3800000,2026-01-05 07:42:54
1767598974,pirate_essence,0,1900,1850,2026-01-05 07:42:54
1767598974,pirate_entry_key,0,820000,800000,2026-01-05 07:42:54
1767598974,pirate_chest_key,0,6000000,5800000,2026-01-05 07:42:54
1767598974,pincer_gloves,7,1050000,-1,2026-01-05 07:42:54
1767598974,pincer_gloves,6,480000,-1,2026-01-05 07:42:54
1767598974,pincer_gloves,5,195000,-1,2026-01-05 07:42:54
1767598974,pincer_gloves,4,155000,-1,2026-01-05 07:42:54
1767598974,pincer_gloves,3,76000,-1,2026-01-05 07:42:54
1767598974,pincer_gloves,2,94000,-1,2026-01-05 07:42:54
1767598974,puncture,0,105000,100000,2026-01-05 07:42:54
1767598974,provoke,0,100000,98000,2026-01-05 07:42:54
1767598974,processing_tea,0,3400,3300,2026-01-05 07:42:54
1767598974,prime_catalyst,0,195000,190000,2026-01-05 07:42:54
1767598974,precision,0,60000,58000,2026-01-05 07:42:54
1767598974,polar_bear_shoes,8,-1,2200000,2026-01-05 07:42:54
1767598974,polar_bear_shoes,7,4000000,-1,2026-01-05 07:42:54
1767598974,polar_bear_shoes,6,1650000,-1,2026-01-05 07:42:54
1767598974,polar_bear_shoes,5,880000,-1,2026-01-05 07:42:54
1767598974,polar_bear_shoes,4,1050000,-1,2026-01-05 07:42:54
1767598974,polar_bear_shoes,20,-1,60000,2026-01-05 07:42:54
1767598974,polar_bear_shoes,16,760000000,760000,2026-01-05 07:42:54
1767598974,polar_bear_shoes,15,350000000,-1,2026-01-05 07:42:54
1767598974,polar_bear_shoes,14,205000000,170000000,2026-01-05 07:42:54
1767598974,polar_bear_shoes,12,50000000,38000000,2026-01-05 07:42:54
1767598974,polar_bear_shoes,10,12000000,11500000,2026-01-05 07:42:54
1767598974,purpleheart_fire_staff,2,660000,-1,2026-01-05 07:42:54
1767598974,purpleheart_fire_staff,10,-1,14000000,2026-01-05 07:42:54
1767598974,purpleheart_fire_staff,1,1600000,-1,2026-01-05 07:42:54
1767598974,purpleheart_fire_staff,0,160000,150000,2026-01-05 07:42:54
1767598974,purpleheart_crossbow,5,980000,-1,2026-01-05 07:42:54
1767598974,purpleheart_crossbow,3,245000,-1,2026-01-05 07:42:54
1767598974,purpleheart_crossbow,2,760000,-1,2026-01-05 07:42:54
1767598974,purpleheart_crossbow,1,400000000,-1,2026-01-05 07:42:54
1767598974,purpleheart_crossbow,0,165000,150000,2026-01-05 07:42:54
1767598974,purpleheart_bow,6,2000000,-1,2026-01-05 07:42:54
1767598974,purpleheart_bow,5,980000,-1,2026-01-05 07:42:54
1767598974,purpleheart_bow,3,1400000,-1,2026-01-05 07:42:54
1767598974,purpleheart_bow,2,720000,-1,2026-01-05 07:42:54
1767598974,purpleheart_bow,1,300000,-1,2026-01-05 07:42:54
1767598974,purpleheart_bow,0,225000,210000,2026-01-05 07:42:54
1767598974,purple_key_fragment,0,800000,780000,2026-01-05 07:42:54
1767598974,radiant_boots,0,280000,275000,2026-01-05 07:42:54
1767598974,quick_shot,0,2650,2550,2026-01-05 07:42:54
1767598974,quick_aid,0,105000,100000,2026-01-05 07:42:54
1767598974,purpleheart_water_staff,2,350000,-1,2026-01-05 07:42:54
1767598974,purpleheart_water_staff,0,180000,155000,2026-01-05 07:42:54
1767598974,purpleheart_shield,5,370000,-1,2026-01-05 07:42:54
1767598974,purpleheart_shield,3,175000,-1,2026-01-05 07:42:54
1767598974,purpleheart_shield,0,110000,92000,2026-01-05 07:42:54
1767598974,purpleheart_nature_staff,5,980000,-1,2026-01-05 07:42:54
1767598974,purpleheart_nature_staff,3,800000,-1,2026-01-05 07:42:54
1767598974,purpleheart_nature_staff,1,760000,-1,2026-01-05 07:42:54
1767598974,purpleheart_nature_staff,0,165000,160000,2026-01-05 07:42:54
1767598974,purpleheart_lumber,0,1850,1800,2026-01-05 07:42:54
1767598974,purpleheart_log,0,390,370,2026-01-05 07:42:54
1767598974,purpleheart_fire_staff,5,1600000,-1,2026-01-05 07:42:54
1767598974,purpleheart_fire_staff,3,1200000,-1,2026-01-05 07:42:54
1767598974,radiant_hat,4,-1,370000,2026-01-05 07:42:54
1767598974,radiant_hat,3,1000000,-1,2026-01-05 07:42:54
1767598974,radiant_hat,10,42000000,22000000,2026-01-05 07:42:54
1767598974,radiant_hat,1,500000,-1,2026-01-05 07:42:54
1767598974,radiant_hat,0,520000,440000,2026-01-05 07:42:54
1767598974,radiant_gloves,5,1250000,320000,2026-01-05 07:42:54
1767598974,radiant_gloves,4,980000,-1,2026-01-05 07:42:54
1767598974,radiant_gloves,3,430000,-1,2026-01-05 07:42:54
1767598974,radiant_gloves,2,390000,-1,2026-01-05 07:42:54
1767598974,radiant_gloves,0,275000,260000,2026-01-05 07:42:54
1767598974,radiant_fiber,0,720,700,2026-01-05 07:42:54
1767598974,radiant_fabric,0,3600,3500,2026-01-05 07:42:54
1767598974,radiant_boots,7,45000000,-1,2026-01-05 07:42:54
1767598974,radiant_boots,6,33000000,-1,2026-01-05 07:42:54
1767598974,radiant_boots,5,2450000,200000,2026-01-05 07:42:54
1767598974,radiant_boots,3,540000,-1,2026-01-05 07:42:54
1767598974,rainbow_alembic,0,500000,430000,2026-01-05 07:42:54
1767598974,rain_of_arrows,0,195000,190000,2026-01-05 07:42:54
1767598974,radiant_robe_top,8,44000000,-1,2026-01-05 07:42:54
1767598974,radiant_robe_top,7,5400000,-1,2026-01-05 07:42:54
1767598974,radiant_robe_top,6,6800000,680000,2026-01-05 07:42:54
1767598974,radiant_robe_top,5,5200000,-1,2026-01-05 07:42:54
1767598974,radiant_robe_top,2,10000000,-1,2026-01-05 07:42:54
1767598974,radiant_robe_top,0,800000,780000,2026-01-05 07:42:54
1767598974,radiant_robe_bottoms,5,4600000,-1,2026-01-05 07:42:54
1767598974,radiant_robe_bottoms,3,1350000,-1,2026-01-05 07:42:54
1767598974,radiant_robe_bottoms,2,940000,-1,2026-01-05 07:42:54
1767598974,radiant_robe_bottoms,0,740000,700000,2026-01-05 07:42:54
1767598974,radiant_hat,8,19500000,-1,2026-01-05 07:42:54
1767598974,radiant_hat,7,12500000,-1,2026-01-05 07:42:54
1767598974,radiant_hat,6,6800000,-1,2026-01-05 07:42:54
1767598974,radiant_hat,5,2800000,880000,2026-01-05 07:42:54
1767598974,rainbow_buckler,1,490000,-1,2026-01-05 07:42:54
1767598974,rainbow_buckler,0,430000,390000,2026-01-05 07:42:54
1767598974,rainbow_brush,6,8600000,540000,2026-01-05 07:42:54
1767598974,rainbow_brush,5,2850000,1000000,2026-01-05 07:42:54
1767598974,rainbow_brush,4,1450000,-1,2026-01-05 07:42:54
1767598974,rainbow_brush,3,800000,105000,2026-01-05 07:42:54
1767598974,rainbow_brush,2,900000,-1,2026-01-05 07:42:54
1767598974,rainbow_brush,1,520000,-1,2026-01-05 07:42:54
1767598974,rainbow_brush,0,470000,400000,2026-01-05 07:42:54
1767598974,rainbow_boots,2,360000,-1,2026-01-05 07:42:54
1767598974,rainbow_boots,1,290000,-1,2026-01-05 07:42:54
1767598974,rainbow_boots,0,260000,255000,2026-01-05 07:42:54
1767598974,rainbow_alembic,8,16500000,-1,2026-01-05 07:42:54
1767598974,rainbow_alembic,6,-1,460000,2026-01-05 07:42:54
1767598974,rainbow_alembic,5,2850000,1400000,2026-01-05 07:42:54
1767598974,rainbow_alembic,3,840000,100000,2026-01-05 07:42:54
1767598974,rainbow_enhancer,3,740000,-1,2026-01-05 07:42:54
1767598974,rainbow_enhancer,2,600000,-1,2026-01-05 07:42:54
1767598974,rainbow_enhancer,10,43000000,6400000,2026-01-05 07:42:54
1767598974,rainbow_enhancer,0,500000,470000,2026-01-05 07:42:54
1767598974,rainbow_chisel,6,-1,580000,2026-01-05 07:42:54
1767598974,rainbow_chisel,5,1700000,540000,2026-01-05 07:42:54
1767598974,rainbow_chisel,4,2050000,-1,2026-01-05 07:42:54
1767598974,rainbow_chisel,3,920000,110000,2026-01-05 07:42:54
1767598974,rainbow_chisel,2,-1,105000,2026-01-05 07:42:54
1767598974,rainbow_chisel,1,580000,100000,2026-01-05 07:42:54
1767598974,rainbow_chisel,0,520000,440000,2026-01-05 07:42:54
1767598974,rainbow_cheese,0,2700,2650,2026-01-05 07:42:54
1767598974,rainbow_bulwark,2,1200000,-1,2026-01-05 07:42:54
1767598974,rainbow_bulwark,1,1100000,-1,2026-01-05 07:42:54
1767598974,rainbow_bulwark,0,520000,460000,2026-01-05 07:42:54
1767598974,rainbow_buckler,6,10500000,-1,2026-01-05 07:42:54
1767598974,rainbow_hammer,6,6800000,720000,2026-01-05 07:42:54
1767598974,rainbow_hammer,5,1700000,880000,2026-01-05 07:42:54
1767598974,rainbow_hammer,3,940000,100000,2026-01-05 07:42:54
1767598974,rainbow_hammer,2,860000,-1,2026-01-05 07:42:54
1767598974,rainbow_hammer,1,490000,-1,2026-01-05 07:42:54
1767598974,rainbow_hammer,0,460000,430000,2026-01-05 07:42:54
1767598974,rainbow_gauntlets,7,2000000,-1,2026-01-05 07:42:54
1767598974,rainbow_gauntlets,5,840000,-1,2026-01-05 07:42:54
1767598974,rainbow_gauntlets,3,600000,-1,2026-01-05 07:42:54
1767598974,rainbow_gauntlets,2,960000,-1,2026-01-05 07:42:54
1767598974,rainbow_gauntlets,1,380000,-1,2026-01-05 07:42:54
1767598974,rainbow_gauntlets,0,290000,270000,2026-01-05 07:42:54
1767598974,rainbow_enhancer,8,-1,720000,2026-01-05 07:42:54
1767598974,rainbow_enhancer,6,2750000,450000,2026-01-05 07:42:54
1767598974,rainbow_enhancer,5,1450000,900000,2026-01-05 07:42:54
1767598974,rainbow_enhancer,4,960000,-1,2026-01-05 07:42:54
1767598974,rainbow_mace,2,680000,-1,2026-01-05 07:42:54
1767598974,rainbow_mace,1,660000,-1,2026-01-05 07:42:54
1767598974,rainbow_mace,0,600000,580000,2026-01-05 07:42:54
1767598974,rainbow_helmet,5,4000000,-1,2026-01-05 07:42:54
1767598974,rainbow_helmet,3,450000,-1,2026-01-05 07:42:54
1767598974,rainbow_helmet,2,420000,-1,2026-01-05 07:42:54
1767598974,rainbow_helmet,1,360000,-1,2026-01-05 07:42:54
1767598974,rainbow_helmet,0,360000,350000,2026-01-05 07:42:54
1767598974,rainbow_hatchet,7,-1,2100000,2026-01-05 07:42:54
1767598974,rainbow_hatchet,6,5800000,400000,2026-01-05 07:42:54
1767598974,rainbow_hatchet,5,2800000,2100000,2026-01-05 07:42:54
1767598974,rainbow_hatchet,4,1450000,-1,2026-01-05 07:42:54
1767598974,rainbow_hatchet,3,940000,-1,2026-01-05 07:42:54
1767598974,rainbow_hatchet,2,700000,-1,2026-01-05 07:42:54
1767598974,rainbow_hatchet,1,700000,-1,2026-01-05 07:42:54
1767598974,rainbow_hatchet,0,480000,430000,2026-01-05 07:42:54
1767598974,rainbow_plate_body,7,7600000,-1,2026-01-05 07:42:54
1767598974,rainbow_plate_body,5,1150000,-1,2026-01-05 07:42:54
1767598974,rainbow_plate_body,3,900000,-1,2026-01-05 07:42:54
1767598974,rainbow_plate_body,2,620000,-1,2026-01-05 07:42:54
1767598974,rainbow_plate_body,1,620000,-1,2026-01-05 07:42:54
1767598974,rainbow_plate_body,0,580000,560000,2026-01-05 07:42:54
1767598974,rainbow_needle,6,3600000,400000,2026-01-05 07:42:54
1767598974,rainbow_needle,5,1950000,1400000,2026-01-05 07:42:54
1767598974,rainbow_needle,4,1200000,-1,2026-01-05 07:42:54
1767598974,rainbow_needle,3,640000,100000,2026-01-05 07:42:54
1767598974,rainbow_needle,2,800000,-1,2026-01-05 07:42:54
1767598974,rainbow_needle,1,540000,-1,2026-01-05 07:42:54
1767598974,rainbow_needle,0,460000,410000,2026-01-05 07:42:54
1767598974,rainbow_milk,0,540,520,2026-01-05 07:42:54
1767598974,rainbow_mace,5,1250000,-1,2026-01-05 07:42:54
1767598974,rainbow_mace,3,760000,-1,2026-01-05 07:42:54
1767598974,rainbow_shears,3,820000,100000,2026-01-05 07:42:54
1767598974,rainbow_shears,10,-1,3000000,2026-01-05 07:42:54
1767598974,rainbow_shears,1,520000,-1,2026-01-05 07:42:54
1767598974,rainbow_shears,0,450000,440000,2026-01-05 07:42:54
1767598974,rainbow_pot,6,4500000,540000,2026-01-05 07:42:54
1767598974,rainbow_pot,5,1300000,600000,2026-01-05 07:42:54
1767598974,rainbow_pot,4,1050000,-1,2026-01-05 07:42:54
1767598974,rainbow_pot,3,1050000,100000,2026-01-05 07:42:54
1767598974,rainbow_pot,10,50000000,-1,2026-01-05 07:42:54
1767598974,rainbow_pot,1,480000,-1,2026-01-05 07:42:54
1767598974,rainbow_pot,0,480000,420000,2026-01-05 07:42:54
1767598974,rainbow_plate_legs,8,16000000,-1,2026-01-05 07:42:54
1767598974,rainbow_plate_legs,5,16000000,-1,2026-01-05 07:42:54
1767598974,rainbow_plate_legs,3,500000,-1,2026-01-05 07:42:54
1767598974,rainbow_plate_legs,1,500000,-1,2026-01-05 07:42:54
1767598974,rainbow_plate_legs,0,520000,480000,2026-01-05 07:42:54
1767598974,rainbow_spear,5,2450000,-1,2026-01-05 07:42:54
1767598974,rainbow_spear,4,1000000,-1,2026-01-05 07:42:54
1767598974,rainbow_spear,3,900000,-1,2026-01-05 07:42:54
1767598974,rainbow_spear,10,-1,6000000,2026-01-05 07:42:54
1767598974,rainbow_spear,0,620000,600000,2026-01-05 07:42:54
1767598974,rainbow_spatula,7,10000000,-1,2026-01-05 07:42:54
1767598974,rainbow_spatula,6,30000000,-1,2026-01-05 07:42:54
1767598974,rainbow_spatula,5,2300000,1500000,2026-01-05 07:42:54
1767598974,rainbow_spatula,4,1400000,-1,2026-01-05 07:42:54
1767598974,rainbow_spatula,3,700000,100000,2026-01-05 07:42:54
1767598974,rainbow_spatula,2,620000,-1,2026-01-05 07:42:54
1767598974,rainbow_spatula,10,60000000,-1,2026-01-05 07:42:54
1767598974,rainbow_spatula,0,480000,440000,2026-01-05 07:42:54
1767598974,rainbow_shears,7,15000000,2200000,2026-01-05 07:42:54
1767598974,rainbow_shears,6,8400000,960000,2026-01-05 07:42:54
1767598974,rainbow_shears,5,2050000,1000000,2026-01-05 07:42:54
1767598974,red_culinary_hat,12,200000000,110000000,2026-01-05 07:42:54
1767598974,red_culinary_hat,10,60000000,54000000,2026-01-05 07:42:54
1767598974,red_culinary_hat,0,5800000,5600000,2026-01-05 07:42:54
1767598974,ranger_necklace,5,70000000,60000000,2026-01-05 07:42:54
1767598974,ranger_necklace,3,22000000,17500000,2026-01-05 07:42:54
1767598974,ranger_necklace,2,18500000,12500000,2026-01-05 07:42:54
1767598974,ranger_necklace,1,13000000,10000000,2026-01-05 07:42:54
1767598974,ranger_necklace,0,12500000,10500000,2026-01-05 07:42:54
1767598974,ranged_coffee,0,1450,1400,2026-01-05 07:42:54
1767598974,rainbow_sword,7,21500000,-1,2026-01-05 07:42:54
1767598974,rainbow_sword,5,1450000,-1,2026-01-05 07:42:54
1767598974,rainbow_sword,4,5200000,-1,2026-01-05 07:42:54
1767598974,rainbow_sword,3,820000,-1,2026-01-05 07:42:54
1767598974,rainbow_sword,2,740000,-1,2026-01-05 07:42:54
1767598974,rainbow_sword,1,680000,-1,2026-01-05 07:42:54
1767598974,rainbow_sword,0,640000,620000,2026-01-05 07:42:54
1767598974,redwood_crossbow,2,800000,-1,2026-01-05 07:42:54
1767598974,redwood_crossbow,1,820000,-1,2026-01-05 07:42:54
1767598974,redwood_crossbow,0,680000,600000,2026-01-05 07:42:54
1767598974,redwood_bow,5,1300000,1050000,2026-01-05 07:42:54
1767598974,redwood_bow,4,1250000,-1,2026-01-05 07:42:54
1767598974,redwood_bow,3,1250000,-1,2026-01-05 07:42:54
1767598974,redwood_bow,0,760000,720000,2026-01-05 07:42:54
1767598974,red_tea_leaf,0,49,48,2026-01-05 07:42:54
1767598974,red_panda_fluff,0,560000,540000,2026-01-05 07:42:54
1767598974,red_culinary_hat,9,-1,24000000,2026-01-05 07:42:54
1767598974,red_culinary_hat,8,27000000,20500000,2026-01-05 07:42:54
1767598974,red_culinary_hat,7,14500000,11000000,2026-01-05 07:42:54
1767598974,red_culinary_hat,5,9800000,7000000,2026-01-05 07:42:54
1767598974,red_culinary_hat,4,-1,200000,2026-01-05 07:42:54
1767598974,red_culinary_hat,3,7000000,-1,2026-01-05 07:42:54
1767598974,red_culinary_hat,15,1500000000,1000000000,2026-01-05 07:42:54
1767598974,redwood_shield,1,295000,-1,2026-01-05 07:42:54
1767598974,redwood_shield,0,350000,330000,2026-01-05 07:42:54
1767598974,redwood_nature_staff,8,6000000,-1,2026-01-05 07:42:54
1767598974,redwood_nature_staff,7,2600000,-1,2026-01-05 07:42:54
1767598974,redwood_nature_staff,5,2500000,-1,2026-01-05 07:42:54
1767598974,redwood_nature_staff,4,1300000,-1,2026-01-05 07:42:54
1767598974,redwood_nature_staff,3,980000,-1,2026-01-05 07:42:54
1767598974,redwood_nature_staff,2,740000,-1,2026-01-05 07:42:54
1767598974,redwood_nature_staff,0,660000,640000,2026-01-05 07:42:54
1767598974,redwood_lumber,0,2750,2700,2026-01-05 07:42:54
1767598974,redwood_log,0,560,540,2026-01-05 07:42:54
1767598974,redwood_fire_staff,2,980000,-1,2026-01-05 07:42:54
1767598974,redwood_fire_staff,0,660000,620000,2026-01-05 07:42:54
1767598974,redwood_crossbow,5,1450000,-1,2026-01-05 07:42:54
1767598974,redwood_crossbow,4,1100000,-1,2026-01-05 07:42:54
1767598974,redwood_crossbow,3,780000,-1,2026-01-05 07:42:54
1767598974,regal_sword_refined,10,1950000000,1700000000,2026-01-05 07:42:54
1767598974,regal_sword_refined,0,-1,135000000,2026-01-05 07:42:54
1767598974,regal_sword,8,390000000,285000000,2026-01-05 07:42:54
1767598974,regal_sword,7,290000000,280000000,2026-01-05 07:42:54
1767598974,regal_sword,5,280000000,250000000,2026-01-05 07:42:54
1767598974,regal_sword,15,-1,80000000,2026-01-05 07:42:54
1767598974,regal_sword,12,2000000000,1700000000,2026-01-05 07:42:54
1767598974,regal_sword,10,660000000,620000000,2026-01-05 07:42:54
1767598974,regal_sword,0,265000000,245000000,2026-01-05 07:42:54
1767598974,regal_jewel,0,11000000,10500000,2026-01-05 07:42:54
1767598974,redwood_water_staff,2,680000,-1,2026-01-05 07:42:54
1767598974,redwood_water_staff,1,640000,-1,2026-01-05 07:42:54
1767598974,redwood_water_staff,0,680000,660000,2026-01-05 07:42:54
1767598974,redwood_shield,5,1300000,-1,2026-01-05 07:42:54
1767598974,redwood_shield,2,330000,-1,2026-01-05 07:42:54
1767598974,redwood_shield,10,20000000,-1,2026-01-05 07:42:54
1767598974,reptile_tunic,2,110000,-1,2026-01-05 07:42:54
1767598974,reptile_tunic,0,50000,39000,2026-01-05 07:42:54
1767598974,reptile_leather,0,940,920,2026-01-05 07:42:54
1767598974,reptile_hood,5,1400000,-1,2026-01-05 07:42:54
1767598974,reptile_hood,2,30000,-1,2026-01-05 07:42:54
1767598974,reptile_hood,0,26500,24500,2026-01-05 07:42:54
1767598974,reptile_hide,0,90,86,2026-01-05 07:42:54
1767598974,reptile_chaps,4,260000,-1,2026-01-05 07:42:54
1767598974,reptile_chaps,0,40000,32000,2026-01-05 07:42:54
1767598974,reptile_bracers,5,300000,-1,2026-01-05 07:42:54
1767598974,reptile_bracers,0,22000,20500,2026-01-05 07:42:54
1767598974,reptile_boots,3,1100000,-1,2026-01-05 07:42:54
1767598974,reptile_boots,0,24000,20500,2026-01-05 07:42:54
1767598974,rejuvenate,0,120000,115000,2026-01-05 07:42:54
1767598974,regal_sword_refined,14,7200000000,-1,2026-01-05 07:42:54
1767598974,regal_sword_refined,12,3200000000,2900000000,2026-01-05 07:42:54
1767598974,ring_of_armor,1,8600000,-1,2026-01-05 07:42:54
1767598974,ring_of_armor,0,7200000,6800000,2026-01-05 07:42:54
1767598974,revive,0,860000,840000,2026-01-05 07:42:54
1767598974,revenant_tunic,8,24500000,15000000,2026-01-05 07:42:54
1767598974,revenant_tunic,7,19000000,11000000,2026-01-05 07:42:54
1767598974,revenant_tunic,5,11500000,10000000,2026-01-05 07:42:54
1767598974,revenant_tunic,10,56000000,33000000,2026-01-05 07:42:54
1767598974,revenant_tunic,0,9200000,8600000,2026-01-05 07:42:54
1767598974,revenant_chaps,8,18500000,13000000,2026-01-05 07:42:54
1767598974,revenant_chaps,7,16000000,11500000,2026-01-05 07:42:54
1767598974,revenant_chaps,6,15000000,-1,2026-01-05 07:42:54
1767598974,revenant_chaps,5,9000000,6400000,2026-01-05 07:42:54
1767598974,revenant_chaps,10,58000000,32000000,2026-01-05 07:42:54
1767598974,revenant_chaps,0,7200000,6800000,2026-01-05 07:42:54
1767598974,revenant_anima,0,900000,880000,2026-01-05 07:42:54
1767598974,retribution,0,45000,44000,2026-01-05 07:42:54
1767598974,ring_of_gathering,0,7200000,6800000,2026-01-05 07:42:54
1767598974,ring_of_essence_find,4,40000000,-1,2026-01-05 07:42:54
1767598974,ring_of_essence_find,3,16500000,-1,2026-01-05 07:42:54
1767598974,ring_of_essence_find,2,20000000,-1,2026-01-05 07:42:54
1767598974,ring_of_essence_find,1,18500000,-1,2026-01-05 07:42:54
1767598974,ring_of_essence_find,0,6800000,6600000,2026-01-05 07:42:54
1767598974,ring_of_critical_strike,8,-1,7800000,2026-01-05 07:42:54
1767598974,ring_of_critical_strike,6,115000000,84000000,2026-01-05 07:42:54
1767598974,ring_of_critical_strike,5,64000000,56000000,2026-01-05 07:42:54
1767598974,ring_of_critical_strike,4,33000000,27000000,2026-01-05 07:42:54
1767598974,ring_of_critical_strike,3,15500000,15000000,2026-01-05 07:42:54
1767598974,ring_of_critical_strike,2,11500000,9200000,2026-01-05 07:42:54
1767598974,ring_of_critical_strike,1,9800000,8200000,2026-01-05 07:42:54
1767598974,ring_of_critical_strike,0,8200000,7600000,2026-01-05 07:42:54
1767598974,ring_of_armor,5,50000000,25500000,2026-01-05 07:42:54
1767598974,ring_of_armor,3,12000000,-1,2026-01-05 07:42:54
1767598974,ring_of_regeneration,3,13000000,10000000,2026-01-05 07:42:54
1767598974,ring_of_regeneration,2,9800000,6800000,2026-01-05 07:42:54
1767598974,ring_of_regeneration,1,7800000,-1,2026-01-05 07:42:54
1767598974,ring_of_regeneration,0,7600000,7000000,2026-01-05 07:42:54
1767598974,ring_of_rare_find,7,260000000,175000000,2026-01-05 07:42:54
1767598974,ring_of_rare_find,6,-1,82000000,2026-01-05 07:42:54
1767598974,ring_of_rare_find,5,64000000,54000000,2026-01-05 07:42:54
1767598974,ring_of_rare_find,4,33000000,28000000,2026-01-05 07:42:54
1767598974,ring_of_rare_find,3,19500000,17000000,2026-01-05 07:42:54
1767598974,ring_of_rare_find,2,13500000,10000000,2026-01-05 07:42:54
1767598974,ring_of_rare_find,10,-1,700000000,2026-01-05 07:42:54
1767598974,ring_of_rare_find,1,9600000,7400000,2026-01-05 07:42:54
1767598974,ring_of_rare_find,0,7400000,6800000,2026-01-05 07:42:54
1767598974,ring_of_gathering,2,12500000,-1,2026-01-05 07:42:54
1767598974,ring_of_gathering,10,-1,160000000,2026-01-05 07:42:54
1767598974,ring_of_gathering,1,8800000,-1,2026-01-05 07:42:54
1767598974,rippling_trident,5,285000000,245000000,2026-01-05 07:42:54
1767598974,rippling_trident,4,-1,190000000,2026-01-05 07:42:54
1767598974,rippling_trident,3,-1,205000000,2026-01-05 07:42:54
1767598974,rippling_trident,2,-1,200000000,2026-01-05 07:42:54
1767598974,rippling_trident,12,1950000000,1800000000,2026-01-05 07:42:54
1767598974,rippling_trident,11,1100000000,-1,2026-01-05 07:42:54
1767598974,rippling_trident,10,660000000,640000000,2026-01-05 07:42:54
1767598974,rippling_trident,1,-1,190000000,2026-01-05 07:42:54
1767598974,rippling_trident,0,250000000,245000000,2026-01-05 07:42:54
1767598974,ring_of_resistance,3,18000000,9200000,2026-01-05 07:42:54
1767598974,ring_of_resistance,1,7800000,-1,2026-01-05 07:42:54
1767598974,ring_of_resistance,0,7800000,7000000,2026-01-05 07:42:54
1767598974,ring_of_regeneration,7,190000000,150000000,2026-01-05 07:42:54
1767598974,ring_of_regeneration,6,90000000,72000000,2026-01-05 07:42:54
1767598974,ring_of_regeneration,5,43000000,41000000,2026-01-05 07:42:54
1767598974,ring_of_regeneration,4,23500000,20500000,2026-01-05 07:42:54
1767598974,rough_bracers,1,-1,500,2026-01-05 07:42:54
1767598974,rough_bracers,0,6200,4600,2026-01-05 07:42:54
1767598974,rough_boots,3,640000,-1,2026-01-05 07:42:54
1767598974,rough_boots,10,9000000,-1,2026-01-05 07:42:54
1767598974,rough_boots,1,31000,500,2026-01-05 07:42:54
1767598974,rough_boots,0,5000,4300,2026-01-05 07:42:54
1767598974,robusta_coffee_bean,0,600,560,2026-01-05 07:42:54
1767598974,rippling_trident_refined,15,15000000000,8000000,2026-01-05 07:42:54
1767598974,rippling_trident_refined,14,-1,5400000000,2026-01-05 07:42:54
1767598974,rippling_trident_refined,12,3100000000,2750000000,2026-01-05 07:42:54
1767598974,rippling_trident_refined,10,1800000000,1400000000,2026-01-05 07:42:54
1767598974,rippling_trident_refined,0,-1,10000000,2026-01-05 07:42:54
1767598974,rippling_trident,9,-1,330000000,2026-01-05 07:42:54
1767598974,rippling_trident,8,-1,275000000,2026-01-05 07:42:54
1767598974,rippling_trident,7,-1,245000000,2026-01-05 07:42:54
1767598974,rippling_trident,6,-1,185000000,2026-01-05 07:42:54
1767598974,royal_fire_robe_bottoms,7,100000000,86000000,2026-01-05 07:42:54
1767598974,royal_fire_robe_bottoms,6,-1,74000000,2026-01-05 07:42:54
1767598974,royal_fire_robe_bottoms,5,82000000,70000000,2026-01-05 07:42:54
1767598974,royal_fire_robe_bottoms,12,-1,1150000000,2026-01-05 07:42:54
1767598974,royal_fire_robe_bottoms,11,680000000,-1,2026-01-05 07:42:54
1767598974,royal_fire_robe_bottoms,10,350000000,340000000,2026-01-05 07:42:54
1767598974,royal_fire_robe_bottoms,0,-1,74000000,2026-01-05 07:42:54
1767598974,royal_cloth,0,7800000,7600000,2026-01-05 07:42:54
1767598974,rough_tunic,0,15000,9800,2026-01-05 07:42:54
1767598974,rough_leather,0,780,760,2026-01-05 07:42:54
1767598974,rough_hood,5,-1,80,2026-01-05 07:42:54
1767598974,rough_hood,3,-1,80,2026-01-05 07:42:54
1767598974,rough_hood,0,9200,6600,2026-01-05 07:42:54
1767598974,rough_hide,0,185,170,2026-01-05 07:42:54
1767598974,rough_chaps,0,10500,9400,2026-01-05 07:42:54
1767598974,rough_bracers,6,250000,-1,2026-01-05 07:42:54
1767598974,royal_nature_robe_bottoms,11,640000000,-1,2026-01-05 07:42:54
1767598974,royal_nature_robe_bottoms,10,360000000,340000000,2026-01-05 07:42:54
1767598974,royal_nature_robe_bottoms,0,80000000,72000000,2026-01-05 07:42:54
1767598974,royal_fire_robe_top_refined,12,1850000000,1700000000,2026-01-05 07:42:54
1767598974,royal_fire_robe_top_refined,10,780000000,760000000,2026-01-05 07:42:54
1767598974,royal_fire_robe_top,8,180000000,155000000,2026-01-05 07:42:54
1767598974,royal_fire_robe_top,7,125000000,110000000,2026-01-05 07:42:54
1767598974,royal_fire_robe_top,6,105000000,90000000,2026-01-05 07:42:54
1767598974,royal_fire_robe_top,5,100000000,96000000,2026-01-05 07:42:54
1767598974,royal_fire_robe_top,14,5600000000,-1,2026-01-05 07:42:54
1767598974,royal_fire_robe_top,12,1400000000,1300000000,2026-01-05 07:42:54
1767598974,royal_fire_robe_top,10,400000000,390000000,2026-01-05 07:42:54
1767598974,royal_fire_robe_top,0,96000000,88000000,2026-01-05 07:42:54
1767598974,royal_fire_robe_bottoms_refined,12,1700000000,1550000000,2026-01-05 07:42:54
1767598974,royal_fire_robe_bottoms_refined,10,740000000,680000000,2026-01-05 07:42:54
1767598974,royal_fire_robe_bottoms,8,145000000,110000000,2026-01-05 07:42:54
1767598974,royal_nature_robe_top_refined,10,760000000,740000000,2026-01-05 07:42:54
1767598974,royal_nature_robe_top,8,175000000,150000000,2026-01-05 07:42:54
1767598974,royal_nature_robe_top,7,115000000,110000000,2026-01-05 07:42:54
1767598974,royal_nature_robe_top,5,100000000,94000000,2026-01-05 07:42:54
1767598974,royal_nature_robe_top,13,2800000000,-1,2026-01-05 07:42:54
1767598974,royal_nature_robe_top,12,1400000000,1250000000,2026-01-05 07:42:54
1767598974,royal_nature_robe_top,10,390000000,370000000,2026-01-05 07:42:54
1767598974,royal_nature_robe_top,0,98000000,90000000,2026-01-05 07:42:54
1767598974,royal_nature_robe_bottoms_refined,12,-1,1450000000,2026-01-05 07:42:54
1767598974,royal_nature_robe_bottoms_refined,10,-1,720000000,2026-01-05 07:42:54
1767598974,royal_nature_robe_bottoms,8,145000000,100000000,2026-01-05 07:42:54
1767598974,royal_nature_robe_bottoms,7,98000000,92000000,2026-01-05 07:42:54
1767598974,royal_nature_robe_bottoms,6,96000000,74000000,2026-01-05 07:42:54
1767598974,royal_nature_robe_bottoms,5,82000000,74000000,2026-01-05 07:42:54
1767598974,royal_nature_robe_bottoms,14,-1,4000000,2026-01-05 07:42:54
1767598974,royal_nature_robe_bottoms,12,-1,1200000000,2026-01-05 07:42:54
1767598974,royal_water_robe_top,7,120000000,110000000,2026-01-05 07:42:54
1767598974,royal_water_robe_top,5,98000000,88000000,2026-01-05 07:42:54
1767598974,royal_water_robe_top,13,2800000000,-1,2026-01-05 07:42:54
1767598974,royal_water_robe_top,12,1350000000,1250000000,2026-01-05 07:42:54
1767598974,royal_water_robe_top,10,400000000,390000000,2026-01-05 07:42:54
1767598974,royal_water_robe_top,0,96000000,90000000,2026-01-05 07:42:54
1767598974,royal_water_robe_bottoms_refined,12,1700000000,-1,2026-01-05 07:42:54
1767598974,royal_water_robe_bottoms_refined,10,760000000,700000000,2026-01-05 07:42:54
1767598974,royal_water_robe_bottoms,8,140000000,105000000,2026-01-05 07:42:54
1767598974,royal_water_robe_bottoms,7,100000000,92000000,2026-01-05 07:42:54
1767598974,royal_water_robe_bottoms,5,82000000,74000000,2026-01-05 07:42:54
1767598974,royal_water_robe_bottoms,12,1250000000,1150000000,2026-01-05 07:42:54
1767598974,royal_water_robe_bottoms,11,700000000,-1,2026-01-05 07:42:54
1767598974,royal_water_robe_bottoms,10,360000000,350000000,2026-01-05 07:42:54
1767598974,royal_water_robe_bottoms,0,86000000,74000000,2026-01-05 07:42:54
1767598974,royal_nature_robe_top_refined,12,-1,1550000000,2026-01-05 07:42:54
1767598974,shoebill_shoes,20,-1,20000,2026-01-05 07:42:54
1767598974,shoebill_shoes,2,1150000,-1,2026-01-05 07:42:54
1767598974,shoebill_shoes,15,-1,320000000,2026-01-05 07:42:54
1767598974,shoebill_shoes,14,180000000,140000000,2026-01-05 07:42:54
1767598974,shoebill_shoes,12,52000000,44000000,2026-01-05 07:42:54
1767598974,shoebill_shoes,10,15000000,13500000,2026-01-05 07:42:54
1767598974,shoebill_shoes,1,-1,300000,2026-01-05 07:42:54
1767598974,shoebill_shoes,0,1100000,1050000,2026-01-05 07:42:54
1767598974,shoebill_feather,0,135000,130000,2026-01-05 07:42:54
1767598974,shield_bash,0,44000,43000,2026-01-05 07:42:54
1767598974,shard_of_protection,0,62000,60000,2026-01-05 07:42:54
1767598974,scratch,0,2700,2550,2026-01-05 07:42:54
1767598974,royal_water_robe_top_refined,12,1700000000,-1,2026-01-05 07:42:54
1767598974,royal_water_robe_top_refined,10,780000000,740000000,2026-01-05 07:42:54
1767598974,royal_water_robe_top,9,280000000,-1,2026-01-05 07:42:54
1767598974,royal_water_robe_top,8,170000000,145000000,2026-01-05 07:42:54
1767598974,sighted_bracers,8,6000000,2400000,2026-01-05 07:42:54
1767598974,sighted_bracers,7,4200000,2200000,2026-01-05 07:42:54
1767598974,sighted_bracers,6,2750000,1750000,2026-01-05 07:42:54
1767598974,sighted_bracers,5,2100000,1700000,2026-01-05 07:42:54
1767598974,sighted_bracers,4,-1,1700000,2026-01-05 07:42:54
1767598974,sighted_bracers,3,-1,1700000,2026-01-05 07:42:54
1767598974,sighted_bracers,2,-1,1700000,2026-01-05 07:42:54
1767598974,sighted_bracers,12,42000000,-1,2026-01-05 07:42:54
1767598974,sighted_bracers,11,29500000,-1,2026-01-05 07:42:54
1767598974,sighted_bracers,10,11500000,5200000,2026-01-05 07:42:54
1767598974,sighted_bracers,1,-1,1700000,2026-01-05 07:42:54
1767598974,sighted_bracers,0,1950000,1900000,2026-01-05 07:42:54
1767598974,shoebill_shoes,8,7000000,4400000,2026-01-05 07:42:54
1767598974,shoebill_shoes,7,3600000,1000000,2026-01-05 07:42:54
1767598974,shoebill_shoes,5,1700000,1150000,2026-01-05 07:42:54
1767598974,shoebill_shoes,3,1650000,-1,2026-01-05 07:42:54
1767598974,silk_hat,0,210000,195000,2026-01-05 07:42:54
1767598974,silk_gloves,5,540000,100000,2026-01-05 07:42:54
1767598974,silk_gloves,3,310000,-1,2026-01-05 07:42:54
1767598974,silk_gloves,2,290000,-1,2026-01-05 07:42:54
1767598974,silk_gloves,1,190000,-1,2026-01-05 07:42:54
1767598974,silk_gloves,0,155000,145000,2026-01-05 07:42:54
1767598974,silk_fabric,0,2550,2500,2026-01-05 07:42:54
1767598974,silk_boots,7,5400000,-1,2026-01-05 07:42:54
1767598974,silk_boots,6,2250000,-1,2026-01-05 07:42:54
1767598974,silk_boots,5,1550000,100000,2026-01-05 07:42:54
1767598974,silk_boots,3,490000,-1,2026-01-05 07:42:54
1767598974,silk_boots,2,300000,-1,2026-01-05 07:42:54
1767598974,silk_boots,1,250000,-1,2026-01-05 07:42:54
1767598974,silk_boots,0,145000,140000,2026-01-05 07:42:54
1767598974,silencing_shot,0,105000,100000,2026-01-05 07:42:54
1767598974,sighted_bracers,9,11000000,1800000,2026-01-05 07:42:54
1767598974,silk_robe_top,5,1900000,-1,2026-01-05 07:42:54
1767598974,silk_robe_top,4,780000,-1,2026-01-05 07:42:54
1767598974,silk_robe_top,3,1050000,-1,2026-01-05 07:42:54
1767598974,silk_robe_top,2,580000,-1,2026-01-05 07:42:54
1767598974,silk_robe_top,0,300000,285000,2026-01-05 07:42:54
1767598974,silk_robe_bottoms,8,14000000,-1,2026-01-05 07:42:54
1767598974,silk_robe_bottoms,5,450000,-1,2026-01-05 07:42:54
1767598974,silk_robe_bottoms,4,800000,-1,2026-01-05 07:42:54
1767598974,silk_robe_bottoms,3,450000,-1,2026-01-05 07:42:54
1767598974,silk_robe_bottoms,2,300000,-1,2026-01-05 07:42:54
1767598974,silk_robe_bottoms,1,265000,-1,2026-01-05 07:42:54
1767598974,silk_robe_bottoms,0,285000,270000,2026-01-05 07:42:54
1767598974,silk_hat,5,1150000,100000,2026-01-05 07:42:54
1767598974,silk_hat,3,500000,-1,2026-01-05 07:42:54
1767598974,silk_hat,2,280000,-1,2026-01-05 07:42:54
1767598974,silk_hat,1,225000,-1,2026-01-05 07:42:54
1767598974,snail_shell_helmet,2,54000,-1,2026-01-05 07:42:54
1767598974,snail_shell_helmet,10,3900000,-1,2026-01-05 07:42:54
1767598974,snail_shell_helmet,1,52000,-1,2026-01-05 07:42:54
1767598974,snail_shell_helmet,0,38000,37000,2026-01-05 07:42:54
1767598974,snail_shell,0,12500,10000,2026-01-05 07:42:54
1767598974,smoke_burst,0,72000,70000,2026-01-05 07:42:54
1767598974,small_pouch,4,120000,-1,2026-01-05 07:42:54
1767598974,small_pouch,3,300000,-1,2026-01-05 07:42:54
1767598974,small_pouch,1,100000,-1,2026-01-05 07:42:54
1767598974,small_pouch,0,39000,28000,2026-01-05 07:42:54
1767598974,smack,0,2650,2550,2026-01-05 07:42:54
1767598974,sinister_refinement_shard,0,2900000,2850000,2026-01-05 07:42:54
1767598974,sinister_essence,0,1050,1000,2026-01-05 07:42:54
1767598974,sinister_entry_key,0,740000,720000,2026-01-05 07:42:54
1767598974,sinister_chest_key,0,4400000,4300000,2026-01-05 07:42:54
1767598974,silk_robe_top,6,3800000,-1,2026-01-05 07:42:54
1767598974,snake_fang_dirk,8,1200000,-1,2026-01-05 07:42:54
1767598974,snake_fang_dirk,7,340000,-1,2026-01-05 07:42:54
1767598974,snake_fang_dirk,6,310000,-1,2026-01-05 07:42:54
1767598974,snake_fang_dirk,5,150000,47000,2026-01-05 07:42:54
1767598974,snake_fang_dirk,3,70000,21500,2026-01-05 07:42:54
1767598974,snake_fang_dirk,2,76000,32000,2026-01-05 07:42:54
1767598974,snake_fang_dirk,13,28500000,-1,2026-01-05 07:42:54
1767598974,snake_fang_dirk,10,2300000,400000,2026-01-05 07:42:54
1767598974,snake_fang_dirk,1,62000,32000,2026-01-05 07:42:54
1767598974,snake_fang_dirk,0,37000,35000,2026-01-05 07:42:54
1767598974,snake_fang,0,6800,6400,2026-01-05 07:42:54
1767598974,snail_shell_helmet,7,1500000,-1,2026-01-05 07:42:54
1767598974,snail_shell_helmet,6,860000,-1,2026-01-05 07:42:54
1767598974,snail_shell_helmet,5,580000,-1,2026-01-05 07:42:54
1767598974,snail_shell_helmet,4,96000,-1,2026-01-05 07:42:54
1767598974,snail_shell_helmet,3,94000,-1,2026-01-05 07:42:54
1767598974,sorcerer_boots,7,2900000,2850000,2026-01-05 07:42:54
1767598974,sorcerer_boots,6,1800000,1300000,2026-01-05 07:42:54
1767598974,sorcerer_boots,5,1250000,1200000,2026-01-05 07:42:54
1767598974,sorcerer_boots,4,1050000,-1,2026-01-05 07:42:54
1767598974,sorcerer_boots,3,940000,-1,2026-01-05 07:42:54
1767598974,sorcerer_boots,20,-1,200000,2026-01-05 07:42:54
1767598974,sorcerer_boots,2,900000,640000,2026-01-05 07:42:54
1767598974,sorcerer_boots,18,-1,1550000,2026-01-05 07:42:54
1767598974,sorcerer_boots,15,520000000,430000000,2026-01-05 07:42:54
1767598974,sorcerer_boots,14,265000000,230000000,2026-01-05 07:42:54
1767598974,sorcerer_boots,13,-1,88000000,2026-01-05 07:42:54
1767598974,sorcerer_boots,12,66000000,54000000,2026-01-05 07:42:54
1767598974,sorcerer_boots,11,32000000,-1,2026-01-05 07:42:54
1767598974,sorcerer_boots,10,16000000,15000000,2026-01-05 07:42:54
1767598974,sorcerer_boots,1,820000,580000,2026-01-05 07:42:54
1767598974,sorcerer_boots,0,800000,780000,2026-01-05 07:42:54
1767598974,spaceberry,0,240,235,2026-01-05 07:42:54
1767598974,soul_hunter_crossbow,8,28000000,-1,2026-01-05 07:42:54
1767598974,soul_hunter_crossbow,7,21000000,12500000,2026-01-05 07:42:54
1767598974,soul_hunter_crossbow,6,18000000,-1,2026-01-05 07:42:54
1767598974,soul_hunter_crossbow,5,16000000,12000000,2026-01-05 07:42:54
1767598974,soul_hunter_crossbow,3,13500000,10000000,2026-01-05 07:42:54
1767598974,soul_hunter_crossbow,20,-1,400000,2026-01-05 07:42:54
1767598974,soul_hunter_crossbow,12,150000000,-1,2026-01-05 07:42:54
1767598974,soul_hunter_crossbow,10,54000000,50000000,2026-01-05 07:42:54
1767598974,soul_hunter_crossbow,1,30000000,-1,2026-01-05 07:42:54
1767598974,soul_hunter_crossbow,0,12000000,10500000,2026-01-05 07:42:54
1767598974,soul_fragment,0,560000,540000,2026-01-05 07:42:54
1767598974,sorcerers_sole,0,165000,160000,2026-01-05 07:42:54
1767598974,sorcerer_essence,0,125,120,2026-01-05 07:42:54
1767598974,sorcerer_boots,9,10000000,-1,2026-01-05 07:42:54
1767598974,sorcerer_boots,8,5200000,3300000,2026-01-05 07:42:54
1767598974,stalactite_spear,5,-1,11500000,2026-01-05 07:42:54
1767598974,stalactite_spear,10,68000000,50000000,2026-01-05 07:42:54
1767598974,stalactite_spear,1,12000000,-1,2026-01-05 07:42:54
1767598974,stalactite_spear,0,12000000,10500000,2026-01-05 07:42:54
1767598974,stalactite_shard,0,560000,540000,2026-01-05 07:42:54
1767598974,spiked_bulwark,8,36000000,18500000,2026-01-05 07:42:54
1767598974,spiked_bulwark,7,25500000,15500000,2026-01-05 07:42:54
1767598974,spiked_bulwark,5,17000000,9800000,2026-01-05 07:42:54
1767598974,spiked_bulwark,3,13000000,-1,2026-01-05 07:42:54
1767598974,spiked_bulwark,10,-1,74000000,2026-01-05 07:42:54
1767598974,spiked_bulwark,0,12500000,10500000,2026-01-05 07:42:54
1767598974,spike_shell,0,110000,98000,2026-01-05 07:42:54
1767598974,speed_aura,0,2650000,2550000,2026-01-05 07:42:54
1767598974,spacia_coffee_bean,0,1600,1550,2026-01-05 07:42:54
1767598974,spaceberry_donut,0,1750,1700,2026-01-05 07:42:54
1767598974,spaceberry_cake,0,2250,2200,2026-01-05 07:42:54
1767598974,sundering_crossbow,0,275000000,260000000,2026-01-05 07:42:54
1767598974,sugar,0,10,9,2026-01-05 07:42:54
1767598974,stunning_blow,0,105000,100000,2026-01-05 07:42:54
1767598974,strawberry_donut,0,960,820,2026-01-05 07:42:54
1767598974,strawberry_cake,0,1400,1350,2026-01-05 07:42:54
1767598974,strawberry,0,175,170,2026-01-05 07:42:54
1767598974,stone_key_fragment,0,1650000,1600000,2026-01-05 07:42:54
1767598974,steady_shot,0,105000,100000,2026-01-05 07:42:54
1767598974,star_fruit_yogurt,0,2200,2150,2026-01-05 07:42:54
1767598974,star_fruit_gummy,0,1750,1700,2026-01-05 07:42:54
1767598974,star_fruit,0,660,640,2026-01-05 07:42:54
1767598974,star_fragment,0,13500,13000,2026-01-05 07:42:54
1767598974,stamina_coffee,0,900,880,2026-01-05 07:42:54
1767598974,stalactite_spear,8,34000000,17500000,2026-01-05 07:42:54
1767598974,stalactite_spear,7,-1,14000000,2026-01-05 07:42:54
1767598974,stalactite_spear,6,-1,1200000,2026-01-05 07:42:54
1767598974,sundering_crossbow_refined,12,3100000000,2900000000,2026-01-05 07:42:54
1767598974,sundering_crossbow_refined,10,1800000000,1750000000,2026-01-05 07:42:54
1767598974,sundering_crossbow_refined,0,-1,115000000,2026-01-05 07:42:54
1767598974,sundering_crossbow,9,-1,360000000,2026-01-05 07:42:54
1767598974,sundering_crossbow,8,360000000,300000000,2026-01-05 07:42:54
1767598974,sundering_crossbow,7,300000000,290000000,2026-01-05 07:42:54
1767598974,sundering_crossbow,6,-1,220000000,2026-01-05 07:42:54
1767598974,sundering_crossbow,5,280000000,260000000,2026-01-05 07:42:54
1767598974,sundering_crossbow,4,-1,180000000,2026-01-05 07:42:54
1767598974,sundering_crossbow,3,-1,180000000,2026-01-05 07:42:54
1767598974,sundering_crossbow,2,-1,180000000,2026-01-05 07:42:54
1767598974,sundering_crossbow,14,-1,5400000000,2026-01-05 07:42:54
1767598974,sundering_crossbow,12,1900000000,1850000000,2026-01-05 07:42:54
1767598974,sundering_crossbow,11,1100000000,800000000,2026-01-05 07:42:54
1767598974,sundering_crossbow,10,680000000,620000000,2026-01-05 07:42:54
1767598974,sundering_crossbow,1,-1,170000000,2026-01-05 07:42:54
1767598974,super_magic_coffee,0,6400,6200,2026-01-05 07:42:54
1767598974,super_intelligence_coffee,0,3500,3400,2026-01-05 07:42:54
1767598974,super_foraging_tea,0,3100,3000,2026-01-05 07:42:54
1767598974,super_enhancing_tea,0,6400,6200,2026-01-05 07:42:54
1767598974,super_defense_coffee,0,4400,4300,2026-01-05 07:42:54
1767598974,super_crafting_tea,0,5600,5200,2026-01-05 07:42:54
1767598974,super_cooking_tea,0,3600,3500,2026-01-05 07:42:54
1767598974,super_cheesesmithing_tea,0,5400,5200,2026-01-05 07:42:54
1767598974,super_brewing_tea,0,3900,3800,2026-01-05 07:42:54
1767598974,super_attack_coffee,0,4600,4500,2026-01-05 07:42:54
1767598974,super_alchemy_tea,0,4600,4500,2026-01-05 07:42:54
1767598974,sunstone,0,540000,520000,2026-01-05 07:42:54
1767598974,sundering_jewel,0,11000000,10500000,2026-01-05 07:42:54
1767598974,sundering_crossbow_refined,18,-1,5000000,2026-01-05 07:42:54
1767598974,sundering_crossbow_refined,16,-1,5400000,2026-01-05 07:42:54
1767598974,sundering_crossbow_refined,14,7400000000,6000000000,2026-01-05 07:42:54
1767598974,tailors_bottoms,7,260000000,205000000,2026-01-05 07:42:54
1767598974,tailors_bottoms,5,265000000,200000000,2026-01-05 07:42:54
1767598974,tailors_bottoms,12,1400000000,-1,2026-01-05 07:42:54
1767598974,tailors_bottoms,10,470000000,440000000,2026-01-05 07:42:54
1767598974,tailors_bottoms,0,-1,160000000,2026-01-05 07:42:54
1767598974,tailoring_tea,0,1050,1000,2026-01-05 07:42:54
1767598974,tailoring_essence,0,225,220,2026-01-05 07:42:54
1767598974,swiftness_coffee,0,4100,4000,2026-01-05 07:42:54
1767598974,sweep,0,35000,34000,2026-01-05 07:42:54
1767598974,swamp_essence,0,98,94,2026-01-05 07:42:54
1767598974,super_woodcutting_tea,0,3400,3200,2026-01-05 07:42:54
1767598974,super_tailoring_tea,0,5400,5200,2026-01-05 07:42:54
1767598974,super_stamina_coffee,0,3500,3300,2026-01-05 07:42:54
1767598974,super_ranged_coffee,0,6200,6000,2026-01-05 07:42:54
1767598974,super_milking_tea,0,2800,2750,2026-01-05 07:42:54
1767598974,super_melee_coffee,0,6200,6000,2026-01-05 07:42:54
1767598974,tome_of_healing,14,125000000,-1,2026-01-05 07:42:54
1767598974,tome_of_healing,13,68000000,-1,2026-01-05 07:42:54
1767598974,tome_of_healing,12,10500000,-1,2026-01-05 07:42:54
1767598974,tome_of_healing,11,4900000,-1,2026-01-05 07:42:54
1767598974,tome_of_healing,10,1750000,1350000,2026-01-05 07:42:54
1767598974,tome_of_healing,1,47000,37000,2026-01-05 07:42:54
1767598974,tome_of_healing,0,42000,41000,2026-01-05 07:42:54
1767598974,thread_of_expertise,0,11000000,10500000,2026-01-05 07:42:54
1767598974,taunt,0,60000,58000,2026-01-05 07:42:54
1767598974,tailors_top,8,230000000,195000000,2026-01-05 07:42:54
1767598974,tailors_top,7,195000000,-1,2026-01-05 07:42:54
1767598974,tailors_top,6,190000000,125000000,2026-01-05 07:42:54
1767598974,tailors_top,5,-1,155000000,2026-01-05 07:42:54
1767598974,tailors_top,10,390000000,360000000,2026-01-05 07:42:54
1767598974,tailors_top,0,195000000,160000000,2026-01-05 07:42:54
1767598974,tailors_bottoms,8,310000000,265000000,2026-01-05 07:42:54
1767598974,tome_of_the_elements,4,-1,2100000,2026-01-05 07:42:54
1767598974,tome_of_the_elements,3,-1,2100000,2026-01-05 07:42:54
1767598974,tome_of_the_elements,2,-1,1150000,2026-01-05 07:42:54
1767598974,tome_of_the_elements,11,23500000,-1,2026-01-05 07:42:54
1767598974,tome_of_the_elements,10,7600000,6800000,2026-01-05 07:42:54
1767598974,tome_of_the_elements,1,4100000,2150000,2026-01-05 07:42:54
1767598974,tome_of_the_elements,0,3200000,3100000,2026-01-05 07:42:54
1767598974,tome_of_healing,9,-1,340000,2026-01-05 07:42:54
1767598974,tome_of_healing,8,720000,240000,2026-01-05 07:42:54
1767598974,tome_of_healing,7,235000,220000,2026-01-05 07:42:54
1767598974,tome_of_healing,6,110000,86000,2026-01-05 07:42:54
1767598974,tome_of_healing,5,64000,50000,2026-01-05 07:42:54
1767598974,tome_of_healing,4,58000,31000,2026-01-05 07:42:54
1767598974,tome_of_healing,3,58000,29500,2026-01-05 07:42:54
1767598974,tome_of_healing,2,54000,28500,2026-01-05 07:42:54
1767598974,tome_of_healing,15,200000000,-1,2026-01-05 07:42:54
1767598974,treant_shield,7,4600000,480000,2026-01-05 07:42:54
1767598974,treant_shield,6,2400000,-1,2026-01-05 07:42:54
1767598974,treant_shield,5,960000,-1,2026-01-05 07:42:54
1767598974,treant_shield,4,1500000,-1,2026-01-05 07:42:54
1767598974,treant_shield,3,300000,-1,2026-01-05 07:42:54
1767598974,treant_shield,10,15000000,-1,2026-01-05 07:42:54
1767598974,treant_shield,1,275000,-1,2026-01-05 07:42:54
1767598974,treant_shield,0,170000,160000,2026-01-05 07:42:54
1767598974,treant_bark,0,38000,37000,2026-01-05 07:42:54
1767598974,toxic_pollen,0,240000,235000,2026-01-05 07:42:54
1767598974,toughness,0,60000,58000,2026-01-05 07:42:54
1767598974,tome_of_the_elements,9,5400000,2650000,2026-01-05 07:42:54
1767598974,tome_of_the_elements,8,4700000,2600000,2026-01-05 07:42:54
1767598974,tome_of_the_elements,7,4100000,2700000,2026-01-05 07:42:54
1767598974,tome_of_the_elements,6,4500000,2600000,2026-01-05 07:42:54
1767598974,tome_of_the_elements,5,4000000,1550000,2026-01-05 07:42:54
1767598974,ultra_cooking_tea,0,8200,8000,2026-01-05 07:42:54
1767598974,ultra_cheesesmithing_tea,0,9800,9600,2026-01-05 07:42:54
1767598974,ultra_brewing_tea,0,8200,8000,2026-01-05 07:42:54
1767598974,ultra_attack_coffee,0,12000,11500,2026-01-05 07:42:54
1767598974,ultra_alchemy_tea,0,8200,8000,2026-01-05 07:42:54
1767598974,twilight_essence,0,245,240,2026-01-05 07:42:54
1767598974,turtle_shell_legs,5,380000,-1,2026-01-05 07:42:54
1767598974,turtle_shell_legs,3,105000,-1,2026-01-05 07:42:54
1767598974,turtle_shell_legs,1,80000,-1,2026-01-05 07:42:54
1767598974,turtle_shell_legs,0,72000,64000,2026-01-05 07:42:54
1767598974,turtle_shell_body,5,430000,-1,2026-01-05 07:42:54
1767598974,turtle_shell_body,4,215000,-1,2026-01-05 07:42:54
1767598974,turtle_shell_body,3,135000,-1,2026-01-05 07:42:54
1767598974,turtle_shell_body,1,140000,-1,2026-01-05 07:42:54
1767598974,turtle_shell_body,0,125000,90000,2026-01-05 07:42:54
1767598974,turtle_shell,0,27000,25500,2026-01-05 07:42:54
1767598974,umbral_boots,8,78000000,-1,2026-01-05 07:42:54
1767598974,umbral_boots,5,1550000,-1,2026-01-05 07:42:54
1767598974,umbral_boots,3,1300000,-1,2026-01-05 07:42:54
1767598974,umbral_boots,0,195000,190000,2026-01-05 07:42:54
1767598974,ultra_woodcutting_tea,0,7000,6800,2026-01-05 07:42:54
1767598974,ultra_tailoring_tea,0,9800,9600,2026-01-05 07:42:54
1767598974,ultra_stamina_coffee,0,10500,10000,2026-01-05 07:42:54
1767598974,ultra_ranged_coffee,0,13500,13000,2026-01-05 07:42:54
1767598974,ultra_milking_tea,0,7200,7000,2026-01-05 07:42:54
1767598974,ultra_melee_coffee,0,13500,13000,2026-01-05 07:42:54
1767598974,ultra_magic_coffee,0,13500,13000,2026-01-05 07:42:54
1767598974,ultra_intelligence_coffee,0,8400,8200,2026-01-05 07:42:54
1767598974,ultra_foraging_tea,0,7400,7200,2026-01-05 07:42:54
1767598974,ultra_enhancing_tea,0,13000,12000,2026-01-05 07:42:54
1767598974,ultra_defense_coffee,0,12000,11500,2026-01-05 07:42:54
1767598974,ultra_crafting_tea,0,10000,9600,2026-01-05 07:42:54
1767598974,umbral_hood,0,270000,265000,2026-01-05 07:42:54
1767598974,umbral_hide,0,240,235,2026-01-05 07:42:54
1767598974,umbral_chaps,8,21000000,-1,2026-01-05 07:42:54
1767598974,umbral_chaps,7,-1,800000,2026-01-05 07:42:54
1767598974,umbral_chaps,6,10000000,-1,2026-01-05 07:42:54
1767598974,umbral_chaps,5,1300000,540000,2026-01-05 07:42:54
1767598974,umbral_chaps,4,800000,-1,2026-01-05 07:42:54
1767598974,umbral_chaps,3,740000,-1,2026-01-05 07:42:54
1767598974,umbral_chaps,2,720000,-1,2026-01-05 07:42:54
1767598974,umbral_chaps,1,640000,-1,2026-01-05 07:42:54
1767598974,umbral_chaps,0,560000,540000,2026-01-05 07:42:54
1767598974,umbral_bracers,6,2700000,-1,2026-01-05 07:42:54
1767598974,umbral_bracers,3,980000,-1,2026-01-05 07:42:54
1767598974,umbral_bracers,2,560000,-1,2026-01-05 07:42:54
1767598974,umbral_bracers,1,370000,-1,2026-01-05 07:42:54
1767598974,umbral_bracers,0,330000,320000,2026-01-05 07:42:54
1767598974,vampire_fang_dirk,0,11500000,10500000,2026-01-05 07:42:54
1767598974,vampire_fang,0,560000,540000,2026-01-05 07:42:54
1767598974,umbral_tunic,7,-1,800000,2026-01-05 07:42:54
1767598974,umbral_tunic,6,9800000,-1,2026-01-05 07:42:54
1767598974,umbral_tunic,5,1750000,660000,2026-01-05 07:42:54
1767598974,umbral_tunic,4,1200000,-1,2026-01-05 07:42:54
1767598974,umbral_tunic,3,740000,-1,2026-01-05 07:42:54
1767598974,umbral_tunic,1,660000,-1,2026-01-05 07:42:54
1767598974,umbral_tunic,0,640000,620000,2026-01-05 07:42:54
1767598974,umbral_leather,0,2700,2650,2026-01-05 07:42:54
1767598974,umbral_hood,8,15500000,-1,2026-01-05 07:42:54
1767598974,umbral_hood,7,8000000,800000,2026-01-05 07:42:54
1767598974,umbral_hood,6,6800000,-1,2026-01-05 07:42:54
1767598974,umbral_hood,5,1200000,350000,2026-01-05 07:42:54
1767598974,umbral_hood,3,900000,-1,2026-01-05 07:42:54
1767598974,umbral_hood,2,800000,-1,2026-01-05 07:42:54
1767598974,verdant_buckler,0,22500,18500,2026-01-05 07:42:54
1767598974,verdant_brush,2,56000,-1,2026-01-05 07:42:54
1767598974,verdant_brush,0,23500,15500,2026-01-05 07:42:54
1767598974,verdant_boots,1,20000,-1,2026-01-05 07:42:54
1767598974,verdant_boots,0,16500,15500,2026-01-05 07:42:54
1767598974,verdant_alembic,1,34000,-1,2026-01-05 07:42:54
1767598974,verdant_alembic,0,31000,23000,2026-01-05 07:42:54
1767598974,vampirism,0,98000,96000,2026-01-05 07:42:54
1767598974,vampiric_bow,5,17000000,11500000,2026-01-05 07:42:54
1767598974,vampiric_bow,10,76000000,-1,2026-01-05 07:42:54
1767598974,vampiric_bow,0,12000000,10500000,2026-01-05 07:42:54
1767598974,vampire_fang_dirk,8,32000000,14000000,2026-01-05 07:42:54
1767598974,vampire_fang_dirk,7,21500000,11500000,2026-01-05 07:42:54
1767598974,vampire_fang_dirk,5,16000000,10500000,2026-01-05 07:42:54
1767598974,vampire_fang_dirk,3,25000000,-1,2026-01-05 07:42:54
1767598974,vampire_fang_dirk,10,62000000,47000000,2026-01-05 07:42:54
1767598974,verdant_hammer,0,23500,19000,2026-01-05 07:42:54
1767598974,verdant_gauntlets,3,490000000,-1,2026-01-05 07:42:54
1767598974,verdant_gauntlets,1,70000,-1,2026-01-05 07:42:54
1767598974,verdant_gauntlets,0,16000,15000,2026-01-05 07:42:54
1767598974,verdant_enhancer,6,1100000,-1,2026-01-05 07:42:54
1767598974,verdant_enhancer,2,80000,-1,2026-01-05 07:42:54
1767598974,verdant_enhancer,1,25500,-1,2026-01-05 07:42:54
1767598974,verdant_enhancer,0,24500,19000,2026-01-05 07:42:54
1767598974,verdant_chisel,0,23500,17000,2026-01-05 07:42:54
1767598974,verdant_cheese,0,900,880,2026-01-05 07:42:54
1767598974,verdant_bulwark,3,98000,-1,2026-01-05 07:42:54
1767598974,verdant_bulwark,1,45000,-1,2026-01-05 07:42:54
1767598974,verdant_bulwark,0,44000,22000,2026-01-05 07:42:54
1767598974,verdant_buckler,6,660000,-1,2026-01-05 07:42:54
1767598974,verdant_buckler,5,540000,-1,2026-01-05 07:42:54
1767598974,verdant_buckler,1,60000,-1,2026-01-05 07:42:54
1767598974,verdant_plate_legs,0,28000,26000,2026-01-05 07:42:54
1767598974,verdant_plate_body,5,1250000,-1,2026-01-05 07:42:54
1767598974,verdant_plate_body,3,45000,-1,2026-01-05 07:42:54
1767598974,verdant_plate_body,2,230000,-1,2026-01-05 07:42:54
1767598974,verdant_plate_body,1,47000,-1,2026-01-05 07:42:54
1767598974,verdant_plate_body,0,32000,30000,2026-01-05 07:42:54
1767598974,verdant_needle,0,24500,21000,2026-01-05 07:42:54
1767598974,verdant_milk,0,180,175,2026-01-05 07:42:54
1767598974,verdant_mace,2,96000,-1,2026-01-05 07:42:54
1767598974,verdant_mace,10,60000000,-1,2026-01-05 07:42:54
1767598974,verdant_mace,1,100000,-1,2026-01-05 07:42:54
1767598974,verdant_mace,0,26000,21500,2026-01-05 07:42:54
1767598974,verdant_helmet,2,18500,-1,2026-01-05 07:42:54
1767598974,verdant_helmet,0,19500,18000,2026-01-05 07:42:54
1767598974,verdant_hatchet,0,25500,19500,2026-01-05 07:42:54
1767598974,verdant_hammer,2,64000,-1,2026-01-05 07:42:54
1767598974,vision_helmet,0,600000,500000,2026-01-05 07:42:54
1767598974,verdant_sword,5,175000,-1,2026-01-05 07:42:54
1767598974,verdant_sword,3,90000,-1,2026-01-05 07:42:54
1767598974,verdant_sword,2,120000,-1,2026-01-05 07:42:54
1767598974,verdant_sword,1,29000,-1,2026-01-05 07:42:54
1767598974,verdant_sword,0,29000,27000,2026-01-05 07:42:54
1767598974,verdant_spear,5,7000000,-1,2026-01-05 07:42:54
1767598974,verdant_spear,2,88000,-1,2026-01-05 07:42:54
1767598974,verdant_spear,0,25500,24500,2026-01-05 07:42:54
1767598974,verdant_spatula,0,24500,19500,2026-01-05 07:42:54
1767598974,verdant_shears,5,1000000,-1,2026-01-05 07:42:54
1767598974,verdant_shears,3,400000,-1,2026-01-05 07:42:54
1767598974,verdant_shears,0,24500,19500,2026-01-05 07:42:54
1767598974,verdant_pot,0,24500,22000,2026-01-05 07:42:54
1767598974,verdant_plate_legs,7,880000,-1,2026-01-05 07:42:54
1767598974,verdant_plate_legs,1,35000,-1,2026-01-05 07:42:54
1767598974,vision_shield,6,3500000,350000,2026-01-05 07:42:54
1767598974,vision_shield,5,2100000,-1,2026-01-05 07:42:54
1767598974,vision_shield,4,2800000,600000,2026-01-05 07:42:54
1767598974,vision_shield,3,2250000,500000,2026-01-05 07:42:54
1767598974,vision_shield,0,1850000,1800000,2026-01-05 07:42:54
1767598974,vision_helmet,9,-1,1450000,2026-01-05 07:42:54
1767598974,vision_helmet,8,-1,720000,2026-01-05 07:42:54
1767598974,vision_helmet,7,-1,490000,2026-01-05 07:42:54
1767598974,vision_helmet,6,2500000,160000,2026-01-05 07:42:54
1767598974,vision_helmet,5,980000,125000,2026-01-05 07:42:54
1767598974,vision_helmet,4,960000,140000,2026-01-05 07:42:54
1767598974,vision_helmet,3,660000,140000,2026-01-05 07:42:54
1767598974,vision_helmet,2,620000,130000,2026-01-05 07:42:54
1767598974,vision_helmet,12,-1,20000,2026-01-05 07:42:54
1767598974,vision_helmet,10,-1,8000000,2026-01-05 07:42:54
1767598974,vision_helmet,1,580000,130000,2026-01-05 07:42:54
1767598974,werewolf_slasher,6,16500000,13000000,2026-01-05 07:42:54
1767598974,werewolf_slasher,5,15000000,12500000,2026-01-05 07:42:54
1767598974,werewolf_slasher,10,98000000,46000000,2026-01-05 07:42:54
1767598974,werewolf_slasher,0,-1,10500000,2026-01-05 07:42:54
1767598974,werewolf_claw,0,540000,520000,2026-01-05 07:42:54
1767598974,water_strike,0,10500,10000,2026-01-05 07:42:54
1767598974,watchful_relic,9,-1,8000000,2026-01-05 07:42:54
1767598974,watchful_relic,8,-1,7600000,2026-01-05 07:42:54
1767598974,watchful_relic,7,-1,7000000,2026-01-05 07:42:54
1767598974,watchful_relic,6,12500000,6200000,2026-01-05 07:42:54
1767598974,watchful_relic,5,10500000,7200000,2026-01-05 07:42:54
1767598974,watchful_relic,4,-1,6600000,2026-01-05 07:42:54
1767598974,watchful_relic,10,-1,13000000,2026-01-05 07:42:54
1767598974,watchful_relic,0,8000000,7800000,2026-01-05 07:42:54
1767598974,vision_shield,8,12000000,-1,2026-01-05 07:42:54
1767598974,vision_shield,7,7200000,720000,2026-01-05 07:42:54
1767598974,wizard_necklace,8,480000000,245000000,2026-01-05 07:42:54
1767598974,wizard_necklace,7,280000000,145000000,2026-01-05 07:42:54
1767598974,wizard_necklace,5,84000000,78000000,2026-01-05 07:42:54
1767598974,wizard_necklace,4,40000000,34000000,2026-01-05 07:42:54
1767598974,wizard_necklace,3,21500000,19000000,2026-01-05 07:42:54
1767598974,wizard_necklace,2,15000000,12500000,2026-01-05 07:42:54
1767598974,wizard_necklace,10,-1,720000,2026-01-05 07:42:54
1767598974,wizard_necklace,1,13500000,11000000,2026-01-05 07:42:54
1767598974,wizard_necklace,0,12000000,11000000,2026-01-05 07:42:54
1767598974,wisdom_tea,0,1350,1300,2026-01-05 07:42:54
1767598974,wisdom_coffee,0,2450,2400,2026-01-05 07:42:54
1767598974,white_key_fragment,0,1050000,1000000,2026-01-05 07:42:54
1767598974,wheat,0,80,78,2026-01-05 07:42:54
1767598974,werewolf_slasher,9,52000000,-1,2026-01-05 07:42:54
1767598974,werewolf_slasher,8,38000000,33000000,2026-01-05 07:42:54
1767598974,werewolf_slasher,7,26500000,21500000,2026-01-05 07:42:54
1767598974,wooden_crossbow,3,-1,145,2026-01-05 07:42:54
1767598974,wooden_crossbow,2,100000,-1,2026-01-05 07:42:54
1767598974,wooden_crossbow,11,8800000,-1,2026-01-05 07:42:54
1767598974,wooden_crossbow,10,7000000,660000,2026-01-05 07:42:54
1767598974,wooden_crossbow,1,-1,500,2026-01-05 07:42:54
1767598974,wooden_crossbow,0,4600,4500,2026-01-05 07:42:54
1767598974,wooden_bow,6,90000,-1,2026-01-05 07:42:54
1767598974,wooden_bow,5,210000,-1,2026-01-05 07:42:54
1767598974,wooden_bow,3,16500,7600,2026-01-05 07:42:54
1767598974,wooden_bow,2,105000,-1,2026-01-05 07:42:54
1767598974,wooden_bow,11,4000000,-1,2026-01-05 07:42:54
1767598974,wooden_bow,10,1950000,1200000,2026-01-05 07:42:54
1767598974,wooden_bow,1,5600,1600,2026-01-05 07:42:54
1767598974,wooden_bow,0,5200,4800,2026-01-05 07:42:54
1767598974,woodcutting_tea,0,880,800,2026-01-05 07:42:54
1767598974,woodcutting_essence,0,320,300,2026-01-05 07:42:54
1767598974,advanced_brewing_charm,2,28000000,16000000,2026-01-05 07:42:54
1767598974,advanced_brewing_charm,1,21000000,15000000,2026-01-05 07:42:54
1767598974,advanced_brewing_charm,0,16500000,15000000,2026-01-05 07:42:54
1767598974,advanced_attack_charm,5,52000000,44000000,2026-01-05 07:42:54
1767598974,advanced_attack_charm,4,35000000,33000000,2026-01-05 07:42:54
1767598974,advanced_attack_charm,3,17000000,16500000,2026-01-05 07:42:54
1767598974,advanced_attack_charm,2,13000000,8400000,2026-01-05 07:42:54
1767598974,advanced_attack_charm,1,11000000,-1,2026-01-05 07:42:54
1767598974,advanced_attack_charm,0,7200000,7000000,2026-01-05 07:42:54
1767598974,advanced_alchemy_charm,5,120000000,105000000,2026-01-05 07:42:54
1767598974,advanced_alchemy_charm,4,64000000,-1,2026-01-05 07:42:54
1767598974,advanced_alchemy_charm,3,-1,39000000,2026-01-05 07:42:54
1767598974,advanced_alchemy_charm,2,45000000,26000000,2026-01-05 07:42:54
1767598974,advanced_alchemy_charm,0,38000000,27000000,2026-01-05 07:42:54
1767598974,acrobats_ribbon,0,7000000,6800000,2026-01-05 07:42:54
1767598974,acrobatic_hood_refined,13,2500000000,-1,2026-01-05 07:42:54
1767598974,wooden_water_staff,2,320000,-1,2026-01-05 07:42:54
1767598974,yogurt,0,370,245,2026-01-05 07:42:54
1767598974,abyssal_essence,0,245,240,2026-01-05 07:42:54
